date,state,city,ibgeID,totalCases,newCases,deaths,newDeaths
2020-02-25,SP,São Paulo,3550308,1,1,0,0
2020-02-25,TOTAL,TOTAL,0,1,1,0,0
2020-02-26,SP,São Paulo,3550308,1,0,0,0
2020-02-26,TOTAL,TOTAL,0,1,0,0,0
2020-02-27,SP,São Paulo,3550308,1,0,0,0
2020-02-27,TOTAL,TOTAL,0,1,0,0,0
2020-02-28,SP,São Paulo,3550308,2,1,0,0
2020-02-28,TOTAL,TOTAL,0,2,1,0,0
2020-02-29,SP,São Paulo,3550308,2,0,0,0
2020-02-29,TOTAL,TOTAL,0,2,0,0,0
2020-03-01,SP,São Paulo,3550308,2,0,0,0
2020-03-01,TOTAL,TOTAL,0,2,0,0,0
2020-03-02,SP,São Paulo,3550308,2,0,0,0
2020-03-02,TOTAL,TOTAL,0,2,0,0,0
2020-03-03,SP,São Paulo,3550308,2,0,0,0
2020-03-03,TOTAL,TOTAL,0,2,0,0,0
2020-03-04,SP,São Paulo,3550308,3,1,0,0
2020-03-04,TOTAL,TOTAL,0,3,1,0,0
2020-03-05,RJ,Barra Mansa,3300407,1,1,0,0
2020-03-05,SP,São Paulo,3550308,6,3,0,0
2020-03-05,TOTAL,TOTAL,0,7,4,0,0
2020-03-06,BA,Feira de Santana,2910800,1,1,0,0
2020-03-06,RJ,Barra Mansa,3300407,1,0,0,0
2020-03-06,RJ,Rio de Janeiro,3304557,1,1,0,0
2020-03-06,SP,São Paulo,3550308,6,0,0,0
2020-03-06,TOTAL,TOTAL,0,9,2,0,0
2020-03-07,BA,Feira de Santana,2910800,2,1,0,0
2020-03-07,DF,Brasília,5300108,1,1,0,0
2020-03-07,RJ,Barra Mansa,3300407,1,0,0,0
2020-03-07,RJ,Rio de Janeiro,3304557,1,0,0,0
2020-03-07,SP,Santana de Parnaíba,3547304,1,1,0,0
2020-03-07,SP,São Paulo,3550308,12,6,0,0
2020-03-07,TOTAL,TOTAL,0,18,9,0,0
2020-03-08,AL,Maceió,2704302,1,1,0,0
2020-03-08,BA,Feira de Santana,2910800,2,0,0,0
2020-03-08,DF,Brasília,5300108,1,0,0,0
2020-03-08,MG,Divinópolis,3122306,1,1,0,0
2020-03-08,RJ,Barra Mansa,3300407,1,0,0,0
2020-03-08,RJ,Rio de Janeiro,3304557,2,1,0,0
2020-03-08,SP,Santana de Parnaíba,3547304,1,0,0,0
2020-03-08,SP,São Paulo,3550308,15,3,0,0
2020-03-08,TOTAL,TOTAL,0,24,6,0,0
2020-03-09,AL,Maceió,2704302,1,0,0,0
2020-03-09,BA,Feira de Santana,2910800,2,0,0,0
2020-03-09,DF,Brasília,5300108,1,0,0,0
2020-03-09,MG,Divinópolis,3122306,1,0,0,0
2020-03-09,RJ,Barra Mansa,3300407,1,0,0,0
2020-03-09,RJ,Rio de Janeiro,3304557,2,0,0,0
2020-03-09,SP,Santana de Parnaíba,3547304,1,0,0,0
2020-03-09,SP,São Paulo,3550308,15,0,0,0
2020-03-09,TOTAL,TOTAL,0,24,0,0,0
2020-03-10,AL,Maceió,2704302,1,0,0,0
2020-03-10,BA,Feira de Santana,2910800,2,0,0,0
2020-03-10,DF,Brasília,5300108,1,0,0,0
2020-03-10,MG,Divinópolis,3122306,1,0,0,0
2020-03-10,RJ,Barra Mansa,3300407,1,0,0,0
2020-03-10,RJ,Rio de Janeiro,3304557,2,0,0,0
2020-03-10,RS,Campo Bom,4303905,1,1,0,0
2020-03-10,SP,Santana de Parnaíba,3547304,1,0,0,0
2020-03-10,SP,São Paulo,3550308,18,3,0,0
2020-03-10,TOTAL,TOTAL,0,28,4,0,0
2020-03-11,AL,Maceió,2704302,1,0,0,0
2020-03-11,BA,Feira de Santana,2910800,3,1,0,0
2020-03-11,DF,Brasília,5300108,2,1,0,0
2020-03-11,MG,Divinópolis,3122306,1,0,0,0
2020-03-11,RJ,Barra Mansa,3300407,1,0,0,0
2020-03-11,RJ,Rio de Janeiro,3304557,2,0,0,0
2020-03-11,RS,Campo Bom,4303905,1,0,0,0
2020-03-11,RS,Porto Alegre,4314902,1,1,0,0
2020-03-11,SP,Santana de Parnaíba,3547304,1,0,0,0
2020-03-11,SP,São Paulo,3550308,29,11,0,0
2020-03-11,TOTAL,TOTAL,0,42,14,0,0
2020-03-12,AL,Maceió,2704302,1,0,0,0
2020-03-12,BA,Feira de Santana,2910800,3,0,0,0
2020-03-12,DF,Brasília,5300108,2,0,0,0
2020-03-12,GO,Goiânia,5208707,2,2,0,0
2020-03-12,GO,Rio Verde,5218805,1,1,0,0
2020-03-12,MG,Divinópolis,3122306,1,0,0,0
2020-03-12,MG,Ipatinga,3131307,1,1,0,0
2020-03-12,PE,Recife,2611606,2,2,0,0
2020-03-12,PR,Cianorte,4105508,1,1,0,0
2020-03-12,PR,Curitiba,4106902,5,5,0,0
2020-03-12,RJ,Barra Mansa,3300407,1,0,0,0
2020-03-12,RJ,Niterói,3303302,1,1,0,0
2020-03-12,RJ,Rio de Janeiro,3304557,13,11,0,0
2020-03-12,RN,Natal,2408102,1,1,0,0
2020-03-12,RS,Campo Bom,4303905,1,0,0,0
2020-03-12,RS,Caxias do Sul,4305108,1,1,0,0
2020-03-12,RS,Porto Alegre,4314902,2,1,0,0
2020-03-12,SC,Florianópolis,4205407,2,2,0,0
2020-03-12,SP,Ferraz de Vasconcelos,3515707,1,1,0,0
2020-03-12,SP,Santana de Parnaíba,3547304,1,0,0,0
2020-03-12,SP,São Paulo,3550308,44,15,0,0
2020-03-12,TOTAL,TOTAL,0,87,45,0,0
2020-03-13,AL,Maceió,2704302,1,0,0,0
2020-03-13,AM,Manaus,1302603,2,2,0,0
2020-03-13,BA,Feira de Santana,2910800,4,1,0,0
2020-03-13,BA,Salvador,2927408,3,3,0,0
2020-03-13,DF,Brasília,5300108,2,0,0,0
2020-03-13,GO,Goiânia,5208707,2,0,0,0
2020-03-13,GO,Rio Verde,5218805,1,0,0,0
2020-03-13,MG,Divinópolis,3122306,1,0,0,0
2020-03-13,MG,Ipatinga,3131307,1,0,0,0
2020-03-13,PE,Recife,2611606,2,0,0,0
2020-03-13,PR,Cianorte,4105508,1,0,0,0
2020-03-13,PR,Curitiba,4106902,5,0,0,0
2020-03-13,RJ,Barra Mansa,3300407,1,0,0,0
2020-03-13,RJ,Niterói,3303302,1,0,0,0
2020-03-13,RJ,Rio de Janeiro,3304557,13,0,0,0
2020-03-13,RN,Natal,2408102,1,0,0,0
2020-03-13,RS,Campo Bom,4303905,1,0,0,0
2020-03-13,RS,Caxias do Sul,4305108,1,0,0,0
2020-03-13,RS,Porto Alegre,4314902,2,0,0,0
2020-03-13,SC,Florianópolis,4205407,2,0,0,0
2020-03-13,SC,Joinville,4209102,1,1,0,0
2020-03-13,SP,Ferraz de Vasconcelos,3515707,1,0,0,0
2020-03-13,SP,Santana de Parnaíba,3547304,1,0,0,0
2020-03-13,SP,São Paulo,3550308,44,0,0,0
2020-03-13,TOTAL,TOTAL,0,94,7,0,0
2020-03-14,AL,Maceió,2704302,1,0,0,0
2020-03-14,AM,Manaus,1302603,2,0,0,0
2020-03-14,BA,Feira de Santana,2910800,4,0,0,0
2020-03-14,BA,Salvador,2927408,3,0,0,0
2020-03-14,DF,Brasília,5300108,8,6,0,0
2020-03-14,GO,Goiânia,5208707,3,1,0,0
2020-03-14,GO,Rio Verde,5218805,1,0,0,0
2020-03-14,MG,Divinópolis,3122306,1,0,0,0
2020-03-14,MG,Ipatinga,3131307,1,0,0,0
2020-03-14,MG,Juiz de Fora,3136702,1,1,0,0
2020-03-14,MG,Patrocínio,3148103,1,1,0,0
2020-03-14,MS,Campo Grande,5002704,2,2,0,0
2020-03-14,PE,Recife,2611606,6,4,0,0
2020-03-14,PR,Cianorte,4105508,1,0,0,0
2020-03-14,PR,Curitiba,4106902,5,0,0,0
2020-03-14,RJ,Barra Mansa,3300407,1,0,0,0
2020-03-14,RJ,Niterói,3303302,1,0,0,0
2020-03-14,RJ,Rio de Janeiro,3304557,13,0,0,0
2020-03-14,RN,Natal,2408102,1,0,0,0
2020-03-14,RS,Campo Bom,4303905,1,0,0,0
2020-03-14,RS,Caxias do Sul,4305108,1,0,0,0
2020-03-14,RS,Porto Alegre,4314902,2,0,0,0
2020-03-14,SC,Florianópolis,4205407,2,0,0,0
2020-03-14,SC,Joinville,4209102,1,0,0,0
2020-03-14,SC,Rancho Queimado,4214300,2,2,0,0
2020-03-14,SE,Aracaju,2800308,1,1,0,0
2020-03-14,SP,Carapicuíba,3510609,1,1,0,0
2020-03-14,SP,Ferraz de Vasconcelos,3515707,1,0,0,0
2020-03-14,SP,Santana de Parnaíba,3547304,1,0,0,0
2020-03-14,SP,São Paulo,3550308,62,18,0,0
2020-03-14,TOTAL,TOTAL,0,131,37,0,0
2020-03-15,AL,Maceió,2704302,1,0,0,0
2020-03-15,AM,Manaus,1302603,2,0,0,0
2020-03-15,BA,Feira de Santana,2910800,5,1,0,0
2020-03-15,BA,Salvador,2927408,4,1,0,0
2020-03-15,DF,Brasília,5300108,14,6,0,0
2020-03-15,GO,Goiânia,5208707,3,0,0,0
2020-03-15,GO,Rio Verde,5218805,1,0,0,0
2020-03-15,MG,Divinópolis,3122306,1,0,0,0
2020-03-15,MG,Ipatinga,3131307,1,0,0,0
2020-03-15,MG,Juiz de Fora,3136702,1,0,0,0
2020-03-15,MG,Patrocínio,3148103,1,0,0,0
2020-03-15,MS,Campo Grande,5002704,2,0,0,0
2020-03-15,PE,Recife,2611606,7,1,0,0
2020-03-15,PR,Cianorte,4105508,1,0,0,0
2020-03-15,PR,Curitiba,4106902,5,0,0,0
2020-03-15,RJ,Barra Mansa,3300407,1,0,0,0
2020-03-15,RJ,Niterói,3303302,1,0,0,0
2020-03-15,RJ,Rio de Janeiro,3304557,22,9,0,0
2020-03-15,RN,Natal,2408102,1,0,0,0
2020-03-15,RS,Campo Bom,4303905,1,0,0,0
2020-03-15,RS,Caxias do Sul,4305108,1,0,0,0
2020-03-15,RS,Porto Alegre,4314902,2,0,0,0
2020-03-15,SC,Braço do Norte,4202800,1,1,0,0
2020-03-15,SC,Florianópolis,4205407,2,0,0,0
2020-03-15,SC,Joinville,4209102,1,0,0,0
2020-03-15,SC,Rancho Queimado,4214300,2,0,0,0
2020-03-15,SE,Aracaju,2800308,1,0,0,0
2020-03-15,SP,Carapicuíba,3510609,1,0,0,0
2020-03-15,SP,Ferraz de Vasconcelos,3515707,1,0,0,0
2020-03-15,SP,Santana de Parnaíba,3547304,1,0,0,0
2020-03-15,SP,São Paulo,3550308,62,0,0,0
2020-03-15,TOTAL,TOTAL,0,150,19,0,0
2020-03-16,AL,Maceió,2704302,1,0,0,0
2020-03-16,AM,Manaus,1302603,2,0,0,0
2020-03-16,BA,Feira de Santana,2910800,5,0,0,0
2020-03-16,BA,Porto Seguro,2925303,1,1,0,0
2020-03-16,BA,Salvador,2927408,4,0,0,0
2020-03-16,CE,Aquiraz,2301000,1,1,0,0
2020-03-16,CE,Fortaleza,2304400,8,8,0,0
2020-03-16,DF,Brasília,5300108,19,5,0,0
2020-03-16,GO,Anápolis,5201108,2,2,0,0
2020-03-16,GO,Goiânia,5208707,5,2,0,0
2020-03-16,GO,Rio Verde,5218805,2,1,0,0
2020-03-16,MG,Belo Horizonte,3106200,1,1,0,0
2020-03-16,MG,Divinópolis,3122306,1,0,0,0
2020-03-16,MG,Ipatinga,3131307,1,0,0,0
2020-03-16,MG,Juiz de Fora,3136702,2,1,0,0
2020-03-16,MG,Patrocínio,3148103,1,0,0,0
2020-03-16,MS,Campo Grande,5002704,4,2,0,0
2020-03-16,PE,Recife,2611606,7,0,0,0
2020-03-16,PR,Cianorte,4105508,1,0,0,0
2020-03-16,PR,Curitiba,4106902,5,0,0,0
2020-03-16,RJ,Barra Mansa,3300407,1,0,0,0
2020-03-16,RJ,Niterói,3303302,1,0,0,0
2020-03-16,RJ,Rio de Janeiro,3304557,23,1,0,0
2020-03-16,RN,Natal,2408102,1,0,0,0
2020-03-16,RS,Campo Bom,4303905,1,0,0,0
2020-03-16,RS,Caxias do Sul,4305108,1,0,0,0
2020-03-16,RS,Porto Alegre,4314902,6,4,0,0
2020-03-16,SC,Braço do Norte,4202800,1,0,0,0
2020-03-16,SC,Florianópolis,4205407,3,1,0,0
2020-03-16,SC,Joinville,4209102,1,0,0,0
2020-03-16,SC,Rancho Queimado,4214300,2,0,0,0
2020-03-16,SE,Aracaju,2800308,5,4,0,0
2020-03-16,SP,Carapicuíba,3510609,1,0,0,0
2020-03-16,SP,Ferraz de Vasconcelos,3515707,1,0,0,0
2020-03-16,SP,Mauá,3529401,1,1,0,0
2020-03-16,SP,Santana de Parnaíba,3547304,1,0,0,0
2020-03-16,SP,Santo André,3547809,1,1,0,0
2020-03-16,SP,São Bernardo do Campo,3548708,1,1,0,0
2020-03-16,SP,São Caetano do Sul,3548807,1,1,0,0
2020-03-16,SP,São Paulo,3550308,145,83,0,0
2020-03-16,TOTAL,TOTAL,0,271,121,0,0
2020-03-17,AC,Rio Branco,1200401,3,3,0,0
2020-03-17,AL,Maceió,2704302,1,0,0,0
2020-03-17,AM,Manaus,1302603,2,0,0,0
2020-03-17,BA,Feira de Santana,2910800,5,0,0,0
2020-03-17,BA,Porto Seguro,2925303,3,2,0,0
2020-03-17,BA,Prado,2925501,1,1,0,0
2020-03-17,BA,Salvador,2927408,5,1,0,0
2020-03-17,CE,Aquiraz,2301000,1,0,0,0
2020-03-17,CE,Fortaleza,2304400,9,1,0,0
2020-03-17,DF,Brasília,5300108,19,0,0,0
2020-03-17,GO,Anápolis,5201108,2,0,0,0
2020-03-17,GO,Goiânia,5208707,5,0,0,0
2020-03-17,GO,Rio Verde,5218805,3,1,0,0
2020-03-17,MG,Belo Horizonte,3106200,5,4,0,0
2020-03-17,MG,Coronel Fabriciano,3119401,1,1,0,0
2020-03-17,MG,Divinópolis,3122306,1,0,0,0
2020-03-17,MG,Ipatinga,3131307,1,0,0,0
2020-03-17,MG,Juiz de Fora,3136702,2,0,0,0
2020-03-17,MG,Nova Lima,3144805,1,1,0,0
2020-03-17,MG,Patrocínio,3148103,1,0,0,0
2020-03-17,MG,Sete Lagoas,3167202,1,1,0,0
2020-03-17,MG,Uberlândia,3170206,1,1,0,0
2020-03-17,MS,Campo Grande,5002704,6,2,0,0
2020-03-17,PE,Belo Jardim,2601706,1,1,0,0
2020-03-17,PE,Jaboatão dos Guararapes,2607901,2,2,0,0
2020-03-17,PE,Recife,2611606,13,6,0,0
2020-03-17,PR,Campo Largo,4104204,1,1,0,0
2020-03-17,PR,Cianorte,4105508,2,1,0,0
2020-03-17,PR,Curitiba,4106902,7,2,0,0
2020-03-17,PR,Londrina,4113700,1,1,0,0
2020-03-17,PR,Pinhais,4119152,1,1,0,0
2020-03-17,RJ,Barra Mansa,3300407,1,0,0,0
2020-03-17,RJ,Niterói,3303302,1,0,0,0
2020-03-17,RJ,Rio de Janeiro,3304557,23,0,0,0
2020-03-17,RN,Natal,2408102,1,0,0,0
2020-03-17,RS,Campo Bom,4303905,1,0,0,0
2020-03-17,RS,Caxias do Sul,4305108,1,0,0,0
2020-03-17,RS,Porto Alegre,4314902,6,0,0,0
2020-03-17,SC,Braço do Norte,4202800,1,0,0,0
2020-03-17,SC,Florianópolis,4205407,3,0,0,0
2020-03-17,SC,Joinville,4209102,1,0,0,0
2020-03-17,SC,Rancho Queimado,4214300,2,0,0,0
2020-03-17,SE,Aracaju,2800308,5,0,0,0
2020-03-17,SP,Carapicuíba,3510609,1,0,0,0
2020-03-17,SP,Ferraz de Vasconcelos,3515707,1,0,0,0
2020-03-17,SP,Guarulhos,3518800,1,1,0,0
2020-03-17,SP,Mauá,3529401,1,0,0,0
2020-03-17,SP,Santana de Parnaíba,3547304,1,0,0,0
2020-03-17,SP,Santo André,3547809,1,0,0,0
2020-03-17,SP,São Bernardo do Campo,3548708,1,0,0,0
2020-03-17,SP,São Caetano do Sul,3548807,1,0,0,0
2020-03-17,SP,São Paulo,3550308,156,11,1,1
2020-03-17,TOTAL,TOTAL,0,317,46,1,1
2020-03-18,AC,Rio Branco,1200401,3,0,0,0
2020-03-18,AL,Maceió,2704302,1,0,0,0
2020-03-18,AM,Manaus,1302603,2,0,0,0
2020-03-18,BA,Feira de Santana,2910800,5,0,0,0
2020-03-18,BA,Porto Seguro,2925303,4,1,0,0
2020-03-18,BA,Prado,2925501,1,0,0,0
2020-03-18,BA,Salvador,2927408,17,12,0,0
2020-03-18,CE,Aquiraz,2301000,1,0,0,0
2020-03-18,CE,Fortaleza,2304400,17,8,0,0
2020-03-18,CE,Sobral,2312908,1,1,0,0
2020-03-18,DF,Brasília,5300108,34,15,0,0
2020-03-18,GO,Anápolis,5201108,2,0,0,0
2020-03-18,GO,Aparecida de Goiânia,5201405,1,1,0,0
2020-03-18,GO,Goiânia,5208707,5,0,0,0
2020-03-18,GO,Jataí,5211909,1,1,0,0
2020-03-18,GO,Rio Verde,5218805,3,0,0,0
2020-03-18,MG,Belo Horizonte,3106200,10,5,0,0
2020-03-18,MG,Coronel Fabriciano,3119401,1,0,0,0
2020-03-18,MG,Divinópolis,3122306,1,0,0,0
2020-03-18,MG,Ipatinga,3131307,1,0,0,0
2020-03-18,MG,Juiz de Fora,3136702,2,0,0,0
2020-03-18,MG,Nova Lima,3144805,1,0,0,0
2020-03-18,MG,Patrocínio,3148103,1,0,0,0
2020-03-18,MG,Sete Lagoas,3167202,1,0,0,0
2020-03-18,MG,Uberlândia,3170206,1,0,0,0
2020-03-18,MS,Campo Grande,5002704,7,1,0,0
2020-03-18,PA,Belém,1501402,1,1,0,0
2020-03-18,PB,João Pessoa,2507507,1,1,0,0
2020-03-18,PE,Belo Jardim,2601706,1,0,0,0
2020-03-18,PE,Jaboatão dos Guararapes,2607901,1,-1,0,0
2020-03-18,PE,Recife,2611606,14,1,0,0
2020-03-18,PR,Campo Largo,4104204,1,0,0,0
2020-03-18,PR,Cianorte,4105508,2,0,0,0
2020-03-18,PR,Curitiba,4106902,8,1,0,0
2020-03-18,PR,Foz do Iguaçu,4108304,1,1,0,0
2020-03-18,PR,Londrina,4113700,1,0,0,0
2020-03-18,PR,Maringá,4115200,1,1,0,0
2020-03-18,PR,Pinhais,4119152,1,0,0,0
2020-03-18,RJ,Barra Mansa,3300407,1,0,0,0
2020-03-18,RJ,Guapimirim,3301850,1,1,0,0
2020-03-18,RJ,Niterói,3303302,6,5,0,0
2020-03-18,RJ,Rio de Janeiro,3304557,55,32,0,0
2020-03-18,RN,Natal,2408102,1,0,0,0
2020-03-18,RS,Campo Bom,4303905,1,0,0,0
2020-03-18,RS,Caxias do Sul,4305108,2,1,0,0
2020-03-18,RS,Porto Alegre,4314902,15,9,0,0
2020-03-18,RS,Sapiranga,4319901,1,1,0,0
2020-03-18,SC,Balneário Camboriú,4202008,2,2,0,0
2020-03-18,SC,Braço do Norte,4202800,2,1,0,0
2020-03-18,SC,Florianópolis,4205407,5,2,0,0
2020-03-18,SC,Joinville,4209102,1,0,0,0
2020-03-18,SC,Rancho Queimado,4214300,2,0,0,0
2020-03-18,SC,Tubarão,4218707,2,2,0,0
2020-03-18,SE,Aracaju,2800308,5,0,0,0
2020-03-18,SE,Propriá,2805703,1,1,0,0
2020-03-18,SP,Barueri,3505708,1,1,0,0
2020-03-18,SP,Campinas,3509502,1,1,0,0
2020-03-18,SP,Carapicuíba,3510609,1,0,0,0
2020-03-18,SP,Cotia,3513009,1,1,0,0
2020-03-18,SP,Ferraz de Vasconcelos,3515707,1,0,0,0
2020-03-18,SP,Guarulhos,3518800,1,0,0,0
2020-03-18,SP,Jaguariúna,3524709,1,1,0,0
2020-03-18,SP,Mauá,3529401,1,0,0,0
2020-03-18,SP,Osasco,3534401,1,1,0,0
2020-03-18,SP,Santana de Parnaíba,3547304,1,0,0,0
2020-03-18,SP,Santo André,3547809,6,5,0,0
2020-03-18,SP,São Bernardo do Campo,3548708,3,2,0,0
2020-03-18,SP,São Caetano do Sul,3548807,6,5,0,0
2020-03-18,SP,São José do Rio Preto,3549805,1,1,0,0
2020-03-18,SP,São José dos Campos,3549904,1,1,0,0
2020-03-18,SP,São Paulo,3550308,214,58,3,2
2020-03-18,TO,Palmas,1721000,1,1,0,0
2020-03-18,TOTAL,TOTAL,0,502,185,3,2
2020-03-19,AC,Rio Branco,1200401,4,1,0,0
2020-03-19,AL,Maceió,2704302,4,3,0,0
2020-03-19,AM,Manaus,1302603,3,1,0,0
2020-03-19,BA,Feira de Santana,2910800,5,0,0,0
2020-03-19,BA,Itabuna,2914802,1,1,0,0
2020-03-19,BA,Lauro de Freitas,2919207,2,2,0,0
2020-03-19,BA,Porto Seguro,2925303,4,0,0,0
2020-03-19,BA,Prado,2925501,1,0,0,0
2020-03-19,BA,Salvador,2927408,18,1,0,0
2020-03-19,CE,Aquiraz,2301000,1,0,0,0
2020-03-19,CE,Fortaleza,2304400,17,0,0,0
2020-03-19,CE,Sobral,2312908,1,0,0,0
2020-03-19,DF,Brasília,5300108,42,8,0,0
2020-03-19,ES,Linhares,3203205,1,1,0,0
2020-03-19,ES,Vila Velha,3205200,7,7,0,0
2020-03-19,ES,Vitória,3205309,5,5,0,0
2020-03-19,GO,Anápolis,5201108,2,0,0,0
2020-03-19,GO,Aparecida de Goiânia,5201405,1,0,0,0
2020-03-19,GO,Goiânia,5208707,7,2,0,0
2020-03-19,GO,Jataí,5211909,1,0,0,0
2020-03-19,GO,Rio Verde,5218805,3,0,0,0
2020-03-19,MG,Belo Horizonte,3106200,18,8,0,0
2020-03-19,MG,Coronel Fabriciano,3119401,1,0,0,0
2020-03-19,MG,Divinópolis,3122306,1,0,0,0
2020-03-19,MG,Ipatinga,3131307,1,0,0,0
2020-03-19,MG,Juiz de Fora,3136702,2,0,0,0
2020-03-19,MG,Nova Lima,3144805,2,1,0,0
2020-03-19,MG,Patrocínio,3148103,1,0,0,0
2020-03-19,MG,Sete Lagoas,3167202,1,0,0,0
2020-03-19,MG,Uberlândia,3170206,2,1,0,0
2020-03-19,MS,Campo Grande,5002704,8,1,0,0
2020-03-19,MS,Sidrolândia,5007901,1,1,0,0
2020-03-19,PA,Belém,1501402,1,0,0,0
2020-03-19,PB,João Pessoa,2507507,1,0,0,0
2020-03-19,PE,Belo Jardim,2601706,1,0,0,0
2020-03-19,PE,Jaboatão dos Guararapes,2607901,1,0,0,0
2020-03-19,PE,Recife,2611606,14,0,0,0
2020-03-19,PI,Teresina,2211001,3,3,0,0
2020-03-19,PR,Campo Largo,4104204,1,0,0,0
2020-03-19,PR,Cianorte,4105508,2,0,0,0
2020-03-19,PR,Curitiba,4106902,17,9,0,0
2020-03-19,PR,Foz do Iguaçu,4108304,1,0,0,0
2020-03-19,PR,Londrina,4113700,1,0,0,0
2020-03-19,PR,Maringá,4115200,1,0,0,0
2020-03-19,PR,Pinhais,4119152,1,0,0,0
2020-03-19,RJ,Barra Mansa,3300407,1,0,0,0
2020-03-19,RJ,Guapimirim,3301850,1,0,0,0
2020-03-19,RJ,Miguel Pereira,3302908,1,1,1,1
2020-03-19,RJ,Niterói,3303302,7,1,1,1
2020-03-19,RJ,Rio de Janeiro,3304557,56,1,0,0
2020-03-19,RN,Natal,2408102,1,0,0,0
2020-03-19,RS,Alvorada,4300604,1,1,0,0
2020-03-19,RS,Bagé,4301602,2,2,0,0
2020-03-19,RS,Campo Bom,4303905,2,1,0,0
2020-03-19,RS,Caxias do Sul,4305108,2,0,0,0
2020-03-19,RS,Erechim,4307005,1,1,0,0
2020-03-19,RS,Farroupilha,4307906,1,1,0,0
2020-03-19,RS,Porto Alegre,4314902,20,5,0,0
2020-03-19,RS,Sapiranga,4319901,1,0,0,0
2020-03-19,RS,Taquara,4321204,1,1,0,0
2020-03-19,SC,Balneário Camboriú,4202008,4,2,0,0
2020-03-19,SC,Braço do Norte,4202800,4,2,0,0
2020-03-19,SC,Florianópolis,4205407,6,1,0,0
2020-03-19,SC,Joinville,4209102,2,1,0,0
2020-03-19,SC,Rancho Queimado,4214300,2,0,0,0
2020-03-19,SC,São José,4216602,1,1,0,0
2020-03-19,SC,Tubarão,4218707,2,0,0,0
2020-03-19,SE,Aracaju,2800308,5,0,0,0
2020-03-19,SE,Propriá,2805703,1,0,0,0
2020-03-19,SP,Barueri,3505708,1,0,0,0
2020-03-19,SP,Campinas,3509502,1,0,0,0
2020-03-19,SP,Carapicuíba,3510609,2,1,0,0
2020-03-19,SP,Cotia,3513009,2,1,0,0
2020-03-19,SP,Ferraz de Vasconcelos,3515707,1,0,0,0
2020-03-19,SP,Guarulhos,3518800,1,0,0,0
2020-03-19,SP,Jaguariúna,3524709,1,0,0,0
2020-03-19,SP,Mauá,3529401,1,0,0,0
2020-03-19,SP,Osasco,3534401,1,0,0,0
2020-03-19,SP,Santana de Parnaíba,3547304,1,0,0,0
2020-03-19,SP,Santo André,3547809,2,-4,0,0
2020-03-19,SP,Suzano,3552502,1,1,0,0
2020-03-19,SP,São Bernardo do Campo,3548708,3,0,0,0
2020-03-19,SP,São Caetano do Sul,3548807,1,-5,0,0
2020-03-19,SP,São José do Rio Preto,3549805,1,0,0,0
2020-03-19,SP,São José dos Campos,3549904,1,0,0,0
2020-03-19,SP,São Paulo,3550308,259,45,5,2
2020-03-19,SP,Taubaté,3554102,1,1,0,0
2020-03-19,SP,Vargem Grande Paulista,3556453,1,1,0,0
2020-03-19,TO,Palmas,1721000,1,0,0,0
2020-03-19,TOTAL,TOTAL,0,621,119,7,4
2020-03-20,AC,Rio Branco,1200401,7,3,0,0
2020-03-20,AL,Maceió,2704302,6,2,0,0
2020-03-20,AM,Manaus,1302603,7,4,0,0
2020-03-20,AP,Macapá,1600303,1,1,0,0
2020-03-20,BA,Camaçari,2905701,1,1,0,0
2020-03-20,BA,Feira de Santana,2910800,6,1,0,0
2020-03-20,BA,Itabuna,2914802,1,0,0,0
2020-03-20,BA,Lauro de Freitas,2919207,3,1,0,0
2020-03-20,BA,Porto Seguro,2925303,4,0,0,0
2020-03-20,BA,Prado,2925501,1,0,0,0
2020-03-20,BA,Salvador,2927408,18,0,0,0
2020-03-20,CE,Aquiraz,2301000,1,0,0,0
2020-03-20,CE,Fortaleza,2304400,63,46,0,0
2020-03-20,CE,Fortim,2304459,1,1,0,0
2020-03-20,CE,Juazeiro do Norte,2307304,1,1,0,0
2020-03-20,CE,Sobral,2312908,1,0,0,0
2020-03-20,DF,Brasília,5300108,87,45,0,0
2020-03-20,ES,Cachoeiro de Itapemirim,3201209,1,1,0,0
2020-03-20,ES,Cariacica,3201308,1,1,0,0
2020-03-20,ES,Linhares,3203205,1,0,0,0
2020-03-20,ES,Vila Velha,3205200,7,0,0,0
2020-03-20,ES,Vitória,3205309,6,1,0,0
2020-03-20,GO,Anápolis,5201108,2,0,0,0
2020-03-20,GO,Aparecida de Goiânia,5201405,2,1,0,0
2020-03-20,GO,Goiânia,5208707,9,2,0,0
2020-03-20,GO,Jataí,5211909,1,0,0,0
2020-03-20,GO,Rio Verde,5218805,3,0,0,0
2020-03-20,MA,São Luís,2111300,1,1,0,0
2020-03-20,MG,Belo Horizonte,3106200,20,2,0,0
2020-03-20,MG,Coronel Fabriciano,3119401,1,0,0,0
2020-03-20,MG,Divinópolis,3122306,1,0,0,0
2020-03-20,MG,Ipatinga,3131307,1,0,0,0
2020-03-20,MG,Juiz de Fora,3136702,5,3,0,0
2020-03-20,MG,Mariana,3140001,1,1,0,0
2020-03-20,MG,Nova Lima,3144805,4,2,0,0
2020-03-20,MG,Patrocínio,3148103,1,0,0,0
2020-03-20,MG,Poços de Caldas,3151800,1,1,0,0
2020-03-20,MG,Sete Lagoas,3167202,1,0,0,0
2020-03-20,MG,Uberaba,3170107,1,1,0,0
2020-03-20,MG,Uberlândia,3170206,1,-1,0,0
2020-03-20,MS,Campo Grande,5002704,11,3,0,0
2020-03-20,MS,Sidrolândia,5007901,1,0,0,0
2020-03-20,MT,Cuiabá,5103403,1,1,0,0
2020-03-20,PA,Belém,1501402,2,1,0,0
2020-03-20,PB,João Pessoa,2507507,1,0,0,0
2020-03-20,PE,Belo Jardim,2601706,1,0,0,0
2020-03-20,PE,Jaboatão dos Guararapes,2607901,1,0,0,0
2020-03-20,PE,Recife,2611606,14,0,0,0
2020-03-20,PI,Teresina,2211001,4,1,0,0
2020-03-20,PR,Campo Largo,4104204,1,0,0,0
2020-03-20,PR,Cianorte,4105508,2,0,0,0
2020-03-20,PR,Curitiba,4106902,27,10,0,0
2020-03-20,PR,Foz do Iguaçu,4108304,1,0,0,0
2020-03-20,PR,Guaíra,4108809,1,1,0,0
2020-03-20,PR,Londrina,4113700,3,2,0,0
2020-03-20,PR,Maringá,4115200,1,0,0,0
2020-03-20,PR,Pinhais,4119152,1,0,0,0
2020-03-20,RJ,Barra Mansa,3300407,1,0,0,0
2020-03-20,RJ,Guapimirim,3301850,1,0,0,0
2020-03-20,RJ,Miguel Pereira,3302908,1,0,1,0
2020-03-20,RJ,Niterói,3303302,7,0,1,0
2020-03-20,RJ,Rio de Janeiro,3304557,56,0,0,0
2020-03-20,RN,Natal,2408102,5,4,0,0
2020-03-20,RN,Parnamirim,2403251,1,1,0,0
2020-03-20,RO,Ji-Paraná,1100122,1,1,0,0
2020-03-20,RS,Alvorada,4300604,1,0,0,0
2020-03-20,RS,Bagé,4301602,2,0,0,0
2020-03-20,RS,Bento Gonçalves,4302105,0,0,0,0
2020-03-20,RS,Campo Bom,4303905,2,0,0,0
2020-03-20,RS,Caxias do Sul,4305108,2,0,0,0
2020-03-20,RS,Erechim,4307005,3,2,0,0
2020-03-20,RS,Farroupilha,4307906,1,0,0,0
2020-03-20,RS,Ivoti,4310801,2,2,0,0
2020-03-20,RS,Porto Alegre,4314902,25,5,0,0
2020-03-20,RS,SantAna do Livramento,4317103,2,2,0,0
2020-03-20,RS,Sapiranga,4319901,2,1,0,0
2020-03-20,RS,Taquara,4321204,1,0,0,0
2020-03-20,SC,Balneário Camboriú,4202008,4,0,0,0
2020-03-20,SC,Braço do Norte,4202800,4,0,0,0
2020-03-20,SC,Chapecó,4204202,1,1,0,0
2020-03-20,SC,Criciúma,4204608,3,3,0,0
2020-03-20,SC,Florianópolis,4205407,10,4,0,0
2020-03-20,SC,Imbituba,4207304,2,2,0,0
2020-03-20,SC,Jaraguá do Sul,4208906,1,1,0,0
2020-03-20,SC,Joinville,4209102,3,1,0,0
2020-03-20,SC,Navegantes,4211306,1,1,0,0
2020-03-20,SC,Pomerode,4213203,1,1,0,0
2020-03-20,SC,Rancho Queimado,4214300,2,0,0,0
2020-03-20,SC,São José,4216602,1,0,0,0
2020-03-20,SC,Tubarão,4218707,6,4,0,0
2020-03-20,SE,Aracaju,2800308,5,0,0,0
2020-03-20,SE,Propriá,2805703,2,1,0,0
2020-03-20,SP,Barueri,3505708,1,0,0,0
2020-03-20,SP,Campinas,3509502,1,0,0,0
2020-03-20,SP,Carapicuíba,3510609,2,0,0,0
2020-03-20,SP,Cotia,3513009,2,0,0,0
2020-03-20,SP,Ferraz de Vasconcelos,3515707,1,0,0,0
2020-03-20,SP,Guarulhos,3518800,1,0,0,0
2020-03-20,SP,Hortolândia,3519071,1,1,0,0
2020-03-20,SP,Jaguariúna,3524709,1,0,0,0
2020-03-20,SP,Mauá,3529401,1,0,0,0
2020-03-20,SP,Mogi das Cruzes,3530607,1,1,0,0
2020-03-20,SP,Osasco,3534401,1,0,0,0
2020-03-20,SP,Santana de Parnaíba,3547304,2,1,0,0
2020-03-20,SP,Santo André,3547809,3,1,0,0
2020-03-20,SP,Suzano,3552502,1,0,0,0
2020-03-20,SP,São Bernardo do Campo,3548708,4,1,0,0
2020-03-20,SP,São Caetano do Sul,3548807,4,3,0,0
2020-03-20,SP,São José do Rio Preto,3549805,1,0,0,0
2020-03-20,SP,São José dos Campos,3549904,1,0,0,0
2020-03-20,SP,São Paulo,3550308,306,47,9,4
2020-03-20,SP,Taubaté,3554102,1,0,0,0
2020-03-20,SP,Vargem Grande Paulista,3556453,1,0,0,0
2020-03-20,TO,Palmas,1721000,1,0,0,0
2020-03-20,TOTAL,TOTAL,0,854,233,11,4
2020-03-21,AC,Rio Branco,1200401,11,4,0,0
2020-03-21,AL,Maceió,2704302,7,1,0,0
2020-03-21,AM,Manaus,1302603,11,4,0,0
2020-03-21,AP,Macapá,1600303,1,0,0,0
2020-03-21,BA,Camaçari,2905701,1,0,0,0
2020-03-21,BA,Feira de Santana,2910800,6,0,0,0
2020-03-21,BA,Itabuna,2914802,1,0,0,0
2020-03-21,BA,Lauro de Freitas,2919207,3,0,0,0
2020-03-21,BA,Porto Seguro,2925303,5,1,0,0
2020-03-21,BA,Prado,2925501,2,1,0,0
2020-03-21,BA,Salvador,2927408,23,5,0,0
2020-03-21,CE,Aquiraz,2301000,4,3,0,0
2020-03-21,CE,Fortaleza,2304400,76,13,0,0
2020-03-21,CE,Fortim,2304459,1,0,0,0
2020-03-21,CE,Juazeiro do Norte,2307304,1,0,0,0
2020-03-21,CE,Sobral,2312908,1,0,0,0
2020-03-21,DF,Brasília,5300108,108,21,0,0
2020-03-21,ES,Cachoeiro de Itapemirim,3201209,1,0,0,0
2020-03-21,ES,Cariacica,3201308,1,0,0,0
2020-03-21,ES,Linhares,3203205,2,1,0,0
2020-03-21,ES,Vila Velha,3205200,11,4,0,0
2020-03-21,ES,Vitória,3205309,11,5,0,0
2020-03-21,GO,Anápolis,5201108,2,0,0,0
2020-03-21,GO,Aparecida de Goiânia,5201405,2,0,0,0
2020-03-21,GO,Goiânia,5208707,9,0,0,0
2020-03-21,GO,Jataí,5211909,1,0,0,0
2020-03-21,GO,Rio Verde,5218805,3,0,0,0
2020-03-21,MA,São Luís,2111300,2,1,0,0
2020-03-21,MG,Belo Horizonte,3106200,30,10,0,0
2020-03-21,MG,Coronel Fabriciano,3119401,2,1,0,0
2020-03-21,MG,Divinópolis,3122306,1,0,0,0
2020-03-21,MG,Ipatinga,3131307,1,0,0,0
2020-03-21,MG,Juiz de Fora,3136702,4,-1,0,0
2020-03-21,MG,Mariana,3140001,1,0,0,0
2020-03-21,MG,Nova Lima,3144805,4,0,0,0
2020-03-21,MG,Patrocínio,3148103,1,0,0,0
2020-03-21,MG,Poços de Caldas,3151800,1,0,0,0
2020-03-21,MG,Sete Lagoas,3167202,1,0,0,0
2020-03-21,MG,Uberaba,3170107,3,2,0,0
2020-03-21,MG,Uberlândia,3170206,3,2,0,0
2020-03-21,MS,Campo Grande,5002704,14,3,0,0
2020-03-21,MS,Ponta Porã,5006606,1,1,0,0
2020-03-21,MS,Sidrolândia,5007901,1,0,0,0
2020-03-21,MT,Cuiabá,5103403,1,0,0,0
2020-03-21,PA,Belém,1501402,2,0,0,0
2020-03-21,PB,João Pessoa,2507507,1,0,0,0
2020-03-21,PE,Belo Jardim,2601706,1,0,0,0
2020-03-21,PE,Jaboatão dos Guararapes,2607901,3,2,0,0
2020-03-21,PE,Recife,2611606,25,11,0,0
2020-03-21,PI,Teresina,2211001,4,0,0,0
2020-03-21,PR,Campo Largo,4104204,1,0,0,0
2020-03-21,PR,Cianorte,4105508,2,0,0,0
2020-03-21,PR,Curitiba,4106902,31,4,0,0
2020-03-21,PR,Foz do Iguaçu,4108304,1,0,0,0
2020-03-21,PR,Guaíra,4108809,1,0,0,0
2020-03-21,PR,Londrina,4113700,3,0,0,0
2020-03-21,PR,Maringá,4115200,1,0,0,0
2020-03-21,PR,Pato Branco,4118501,1,1,0,0
2020-03-21,PR,Pinhais,4119152,1,0,0,0
2020-03-21,PR,Ponta Grossa,4119905,1,1,0,0
2020-03-21,PR,Umuarama,4128104,1,1,0,0
2020-03-21,RJ,Barra Mansa,3300407,1,0,0,0
2020-03-21,RJ,Guapimirim,3301850,1,0,0,0
2020-03-21,RJ,Miguel Pereira,3302908,1,0,1,0
2020-03-21,RJ,Niterói,3303302,10,3,1,0
2020-03-21,RJ,Petrópolis,3303906,3,3,1,1
2020-03-21,RJ,Rio de Janeiro,3304557,99,43,0,0
2020-03-21,RN,Mossoró,2408003,1,1,0,0
2020-03-21,RN,Natal,2408102,6,1,0,0
2020-03-21,RN,Parnamirim,2403251,2,1,0,0
2020-03-21,RO,Ji-Paraná,1100122,1,0,0,0
2020-03-21,RO,Porto Velho,1100205,2,2,0,0
2020-03-21,RR,Boa Vista,1400100,2,2,0,0
2020-03-21,RS,Alvorada,4300604,2,1,0,0
2020-03-21,RS,Bagé,4301602,3,1,0,0
2020-03-21,RS,Bento Gonçalves,4302105,2,2,0,0
2020-03-21,RS,Campo Bom,4303905,2,0,0,0
2020-03-21,RS,Canoas,4304606,2,2,0,0
2020-03-21,RS,Carlos Barbosa,4304804,1,1,0,0
2020-03-21,RS,Caxias do Sul,4305108,2,0,0,0
2020-03-21,RS,Charqueadas,4305355,1,1,0,0
2020-03-21,RS,Dois Irmãos,4306403,1,1,0,0
2020-03-21,RS,Eldorado do Sul,4306767,1,1,0,0
2020-03-21,RS,Erechim,4307005,3,0,0,0
2020-03-21,RS,Estrela,4307807,1,1,0,0
2020-03-21,RS,Farroupilha,4307906,1,0,0,0
2020-03-21,RS,Ivoti,4310801,2,0,0,0
2020-03-21,RS,Lajeado,4311403,1,1,0,0
2020-03-21,RS,Porto Alegre,4314902,35,10,0,0
2020-03-21,RS,SantAna do Livramento,4317103,2,0,0,0
2020-03-21,RS,Sapiranga,4319901,2,0,0,0
2020-03-21,RS,Serafina Corrêa,4320404,1,1,0,0
2020-03-21,RS,São Leopoldo,4318705,1,1,0,0
2020-03-21,RS,Taquara,4321204,2,1,0,0
2020-03-21,RS,Torres,4321501,1,1,0,0
2020-03-21,SC,Balneário Camboriú,4202008,6,2,0,0
2020-03-21,SC,Braço do Norte,4202800,6,2,0,0
2020-03-21,SC,Chapecó,4204202,2,1,0,0
2020-03-21,SC,Criciúma,4204608,6,3,0,0
2020-03-21,SC,Florianópolis,4205407,10,0,0,0
2020-03-21,SC,Gravatal,4206207,1,1,0,0
2020-03-21,SC,Imbituba,4207304,2,0,0,0
2020-03-21,SC,Itajaí,4208203,6,6,0,0
2020-03-21,SC,Jaguaruna,4208807,1,1,0,0
2020-03-21,SC,Jaraguá do Sul,4208906,1,0,0,0
2020-03-21,SC,Joinville,4209102,4,1,0,0
2020-03-21,SC,Navegantes,4211306,1,0,0,0
2020-03-21,SC,Pomerode,4213203,1,0,0,0
2020-03-21,SC,Rancho Queimado,4214300,2,0,0,0
2020-03-21,SC,São José,4216602,2,1,0,0
2020-03-21,SC,Tubarão,4218707,6,0,0,0
2020-03-21,SE,Aracaju,2800308,7,2,0,0
2020-03-21,SE,Nossa Senhora da Glória,2804508,1,1,0,0
2020-03-21,SE,Propriá,2805703,2,0,0,0
2020-03-21,SP,Barueri,3505708,1,0,0,0
2020-03-21,SP,Campinas,3509502,1,0,0,0
2020-03-21,SP,Carapicuíba,3510609,2,0,0,0
2020-03-21,SP,Cotia,3513009,2,0,0,0
2020-03-21,SP,Ferraz de Vasconcelos,3515707,1,0,0,0
2020-03-21,SP,Guarulhos,3518800,1,0,0,0
2020-03-21,SP,Hortolândia,3519071,1,0,0,0
2020-03-21,SP,Jaguariúna,3524709,1,0,0,0
2020-03-21,SP,Mauá,3529401,1,0,0,0
2020-03-21,SP,Mogi das Cruzes,3530607,1,0,0,0
2020-03-21,SP,Osasco,3534401,1,0,0,0
2020-03-21,SP,Santana de Parnaíba,3547304,2,0,0,0
2020-03-21,SP,Santo André,3547809,3,0,0,0
2020-03-21,SP,Suzano,3552502,1,0,0,0
2020-03-21,SP,São Bernardo do Campo,3548708,4,0,0,0
2020-03-21,SP,São Caetano do Sul,3548807,4,0,0,0
2020-03-21,SP,São José do Rio Preto,3549805,1,0,0,0
2020-03-21,SP,São José dos Campos,3549904,1,0,0,0
2020-03-21,SP,São Paulo,3550308,306,0,9,0
2020-03-21,SP,Taubaté,3554102,1,0,0,0
2020-03-21,SP,Vargem Grande Paulista,3556453,1,0,0,0
2020-03-21,TO,Palmas,1721000,2,1,0,0
2020-03-21,TOTAL,TOTAL,0,1060,206,12,1
2020-03-22,AC,Rio Branco,1200401,11,0,0,0
2020-03-22,AL,Maceió,2704302,7,0,0,0
2020-03-22,AM,Manaus,1302603,25,14,0,0
2020-03-22,AM,Parintins,1303403,1,1,0,0
2020-03-22,AP,Macapá,1600303,1,0,0,0
2020-03-22,BA,Barreiras,2903201,1,1,0,0
2020-03-22,BA,Camaçari,2905701,1,0,0,0
2020-03-22,BA,Conceição do Jacuípe,2908507,1,1,0,0
2020-03-22,BA,Feira de Santana,2910800,6,0,0,0
2020-03-22,BA,Itabuna,2914802,1,0,0,0
2020-03-22,BA,Lauro de Freitas,2919207,3,0,0,0
2020-03-22,BA,Porto Seguro,2925303,7,2,0,0
2020-03-22,BA,Prado,2925501,2,0,0,0
2020-03-22,BA,Salvador,2927408,33,10,0,0
2020-03-22,CE,Aquiraz,2301000,5,1,0,0
2020-03-22,CE,Fortaleza,2304400,116,40,0,0
2020-03-22,CE,Fortim,2304459,1,0,0,0
2020-03-22,CE,Juazeiro do Norte,2307304,1,0,0,0
2020-03-22,CE,Sobral,2312908,1,0,0,0
2020-03-22,DF,Brasília,5300108,117,9,0,0
2020-03-22,ES,Cachoeiro de Itapemirim,3201209,1,0,0,0
2020-03-22,ES,Cariacica,3201308,1,0,0,0
2020-03-22,ES,Linhares,3203205,2,0,0,0
2020-03-22,ES,Vila Velha,3205200,11,0,0,0
2020-03-22,ES,Vitória,3205309,11,0,0,0
2020-03-22,GO,Anápolis,5201108,2,0,0,0
2020-03-22,GO,Aparecida de Goiânia,5201405,1,-1,0,0
2020-03-22,GO,Catalão,5205109,1,1,0,0
2020-03-22,GO,Goiânia,5208707,11,2,0,0
2020-03-22,GO,Jataí,5211909,1,0,0,0
2020-03-22,GO,Rio Verde,5218805,5,2,0,0
2020-03-22,MA,São Luís,2111300,2,0,0,0
2020-03-22,MG,Belo Horizonte,3106200,30,0,0,0
2020-03-22,MG,Coronel Fabriciano,3119401,2,0,0,0
2020-03-22,MG,Divinópolis,3122306,1,0,0,0
2020-03-22,MG,Ipatinga,3131307,1,0,0,0
2020-03-22,MG,Juiz de Fora,3136702,4,0,0,0
2020-03-22,MG,Mariana,3140001,1,0,0,0
2020-03-22,MG,Nova Lima,3144805,4,0,0,0
2020-03-22,MG,Patrocínio,3148103,1,0,0,0
2020-03-22,MG,Poços de Caldas,3151800,1,0,0,0
2020-03-22,MG,Sete Lagoas,3167202,1,0,0,0
2020-03-22,MG,Uberaba,3170107,3,0,0,0
2020-03-22,MG,Uberlândia,3170206,3,0,0,0
2020-03-22,MS,Campo Grande,5002704,19,5,0,0
2020-03-22,MS,Ponta Porã,5006606,1,0,0,0
2020-03-22,MS,Sidrolândia,5007901,1,0,0,0
2020-03-22,MT,Cuiabá,5103403,1,0,0,0
2020-03-22,PA,Belém,1501402,4,2,0,0
2020-03-22,PB,João Pessoa,2507507,1,0,0,0
2020-03-22,PE,Belo Jardim,2601706,1,0,0,0
2020-03-22,PE,Jaboatão dos Guararapes,2607901,3,0,0,0
2020-03-22,PE,Olinda,2609600,1,1,0,0
2020-03-22,PE,Recife,2611606,28,3,0,0
2020-03-22,PI,Teresina,2211001,6,2,0,0
2020-03-22,PR,Campo Largo,4104204,1,0,0,0
2020-03-22,PR,Cianorte,4105508,4,2,0,0
2020-03-22,PR,Colombo,4105805,1,1,0,0
2020-03-22,PR,Curitiba,4106902,31,0,0,0
2020-03-22,PR,Foz do Iguaçu,4108304,4,3,0,0
2020-03-22,PR,Guaíra,4108809,1,0,0,0
2020-03-22,PR,Londrina,4113700,3,0,0,0
2020-03-22,PR,Maringá,4115200,1,0,0,0
2020-03-22,PR,Pato Branco,4118501,1,0,0,0
2020-03-22,PR,Pinhais,4119152,2,1,0,0
2020-03-22,PR,Ponta Grossa,4119905,1,0,0,0
2020-03-22,PR,Umuarama,4128104,0,-1,0,0
2020-03-22,RJ,Barra Mansa,3300407,1,0,0,0
2020-03-22,RJ,Guapimirim,3301850,1,0,0,0
2020-03-22,RJ,Miguel Pereira,3302908,1,0,1,0
2020-03-22,RJ,Niterói,3303302,10,0,1,0
2020-03-22,RJ,Petrópolis,3303906,3,0,1,0
2020-03-22,RJ,Rio de Janeiro,3304557,168,69,0,0
2020-03-22,RN,Mossoró,2408003,1,0,0,0
2020-03-22,RN,Natal,2408102,9,3,0,0
2020-03-22,RN,Parnamirim,2403251,3,1,0,0
2020-03-22,RO,Ji-Paraná,1100122,1,0,0,0
2020-03-22,RO,Porto Velho,1100205,2,0,0,0
2020-03-22,RR,Boa Vista,1400100,2,0,0,0
2020-03-22,RS,Alvorada,4300604,2,0,0,0
2020-03-22,RS,Bagé,4301602,3,0,0,0
2020-03-22,RS,Bento Gonçalves,4302105,2,0,0,0
2020-03-22,RS,Campo Bom,4303905,2,0,0,0
2020-03-22,RS,Canoas,4304606,3,1,0,0
2020-03-22,RS,Carlos Barbosa,4304804,1,0,0,0
2020-03-22,RS,Caxias do Sul,4305108,2,0,0,0
2020-03-22,RS,Charqueadas,4305355,1,0,0,0
2020-03-22,RS,Dois Irmãos,4306403,1,0,0,0
2020-03-22,RS,Eldorado do Sul,4306767,1,0,0,0
2020-03-22,RS,Erechim,4307005,3,0,0,0
2020-03-22,RS,Estrela,4307807,1,0,0,0
2020-03-22,RS,Estância Velha,4307609,1,1,0,0
2020-03-22,RS,Farroupilha,4307906,1,0,0,0
2020-03-22,RS,Ivoti,4310801,2,0,0,0
2020-03-22,RS,Lajeado,4311403,2,1,0,0
2020-03-22,RS,Porto Alegre,4314902,38,3,0,0
2020-03-22,RS,SantAna do Livramento,4317103,2,0,0,0
2020-03-22,RS,Santa Maria,4316907,1,1,0,0
2020-03-22,RS,Santo Antônio da Patrulha,4317608,1,1,0,0
2020-03-22,RS,Sapiranga,4319901,2,0,0,0
2020-03-22,RS,Serafina Corrêa,4320404,1,0,0,0
2020-03-22,RS,São Leopoldo,4318705,1,0,0,0
2020-03-22,RS,Taquara,4321204,2,0,0,0
2020-03-22,RS,Torres,4321501,1,0,0,0
2020-03-22,SC,Balneário Camboriú,4202008,6,0,0,0
2020-03-22,SC,Blumenau,4202404,6,6,0,0
2020-03-22,SC,Braço do Norte,4202800,7,1,0,0
2020-03-22,SC,Chapecó,4204202,2,0,0,0
2020-03-22,SC,Criciúma,4204608,7,1,0,0
2020-03-22,SC,Florianópolis,4205407,10,0,0,0
2020-03-22,SC,Gravatal,4206207,1,0,0,0
2020-03-22,SC,Imbituba,4207304,2,0,0,0
2020-03-22,SC,Itajaí,4208203,7,1,0,0
2020-03-22,SC,Jaguaruna,4208807,1,0,0,0
2020-03-22,SC,Jaraguá do Sul,4208906,1,0,0,0
2020-03-22,SC,Joinville,4209102,4,0,0,0
2020-03-22,SC,Lages,4209300,1,1,0,0
2020-03-22,SC,Navegantes,4211306,1,0,0,0
2020-03-22,SC,Pomerode,4213203,1,0,0,0
2020-03-22,SC,Rancho Queimado,4214300,2,0,0,0
2020-03-22,SC,São José,4216602,3,1,0,0
2020-03-22,SC,Tubarão,4218707,6,0,0,0
2020-03-22,SE,Aracaju,2800308,7,0,0,0
2020-03-22,SE,Nossa Senhora da Glória,2804508,1,0,0,0
2020-03-22,SE,Propriá,2805703,2,0,0,0
2020-03-22,SP,Barueri,3505708,1,0,0,0
2020-03-22,SP,Campinas,3509502,1,0,0,0
2020-03-22,SP,Carapicuíba,3510609,2,0,0,0
2020-03-22,SP,Cotia,3513009,2,0,0,0
2020-03-22,SP,Ferraz de Vasconcelos,3515707,1,0,0,0
2020-03-22,SP,Guarulhos,3518800,1,0,0,0
2020-03-22,SP,Hortolândia,3519071,1,0,0,0
2020-03-22,SP,Jaguariúna,3524709,1,0,0,0
2020-03-22,SP,Mauá,3529401,1,0,0,0
2020-03-22,SP,Mogi das Cruzes,3530607,1,0,0,0
2020-03-22,SP,Osasco,3534401,1,0,0,0
2020-03-22,SP,Santana de Parnaíba,3547304,2,0,0,0
2020-03-22,SP,Santo André,3547809,3,0,0,0
2020-03-22,SP,Suzano,3552502,1,0,0,0
2020-03-22,SP,São Bernardo do Campo,3548708,4,0,0,0
2020-03-22,SP,São Caetano do Sul,3548807,4,0,0,0
2020-03-22,SP,São José do Rio Preto,3549805,1,0,0,0
2020-03-22,SP,São José dos Campos,3549904,1,0,0,0
2020-03-22,SP,São Paulo,3550308,306,0,9,0
2020-03-22,SP,Taubaté,3554102,1,0,0,0
2020-03-22,SP,Vargem Grande Paulista,3556453,1,0,0,0
2020-03-22,TO,Palmas,1721000,5,3,0,0
2020-03-22,TOTAL,TOTAL,0,1257,197,12,0
2020-03-23,AC,Rio Branco,1200401,17,6,0,0
2020-03-23,AL,Maceió,2704302,8,1,0,0
2020-03-23,AM,Manaus,1302603,31,6,0,0
2020-03-23,AM,Parintins,1303403,1,0,0,0
2020-03-23,AP,Macapá,1600303,1,0,0,0
2020-03-23,BA,Barreiras,2903201,1,0,0,0
2020-03-23,BA,Brumado,2904605,1,1,0,0
2020-03-23,BA,Camaçari,2905701,1,0,0,0
2020-03-23,BA,Conceição do Jacuípe,2908507,1,0,0,0
2020-03-23,BA,Feira de Santana,2910800,6,0,0,0
2020-03-23,BA,Itabuna,2914802,1,0,0,0
2020-03-23,BA,Jequié,2918001,1,1,0,0
2020-03-23,BA,Juazeiro,2918407,1,1,0,0
2020-03-23,BA,Lauro de Freitas,2919207,3,0,0,0
2020-03-23,BA,Porto Seguro,2925303,8,1,0,0
2020-03-23,BA,Prado,2925501,2,0,0,0
2020-03-23,BA,Salvador,2927408,37,4,0,0
2020-03-23,CE,Aquiraz,2301000,6,1,0,0
2020-03-23,CE,Fortaleza,2304400,151,35,0,0
2020-03-23,CE,Fortim,2304459,1,0,0,0
2020-03-23,CE,Juazeiro do Norte,2307304,1,0,0,0
2020-03-23,CE,Sobral,2312908,3,2,0,0
2020-03-23,DF,Brasília,5300108,138,21,0,0
2020-03-23,ES,Cachoeiro de Itapemirim,3201209,1,0,0,0
2020-03-23,ES,Cariacica,3201308,1,0,0,0
2020-03-23,ES,Linhares,3203205,2,0,0,0
2020-03-23,ES,Santa Teresa,3204609,1,1,0,0
2020-03-23,ES,Serra,3205002,1,1,0,0
2020-03-23,ES,Vila Velha,3205200,13,2,0,0
2020-03-23,ES,Vitória,3205309,14,3,0,0
2020-03-23,GO,Anápolis,5201108,2,0,0,0
2020-03-23,GO,Aparecida de Goiânia,5201405,2,1,0,0
2020-03-23,GO,Catalão,5205109,1,0,0,0
2020-03-23,GO,Goiânia,5208707,12,1,0,0
2020-03-23,GO,Jataí,5211909,1,0,0,0
2020-03-23,GO,Rio Verde,5218805,5,0,0,0
2020-03-23,MA,São Luís,2111300,8,6,0,0
2020-03-23,MG,Belo Horizonte,3106200,60,30,0,0
2020-03-23,MG,Betim,3106705,1,1,0,0
2020-03-23,MG,Bom Despacho,3107406,1,1,0,0
2020-03-23,MG,Campos Altos,3111507,1,1,0,0
2020-03-23,MG,Contagem,3118601,2,2,0,0
2020-03-23,MG,Coronel Fabriciano,3119401,1,-1,0,0
2020-03-23,MG,Divinópolis,3122306,1,0,0,0
2020-03-23,MG,Ipatinga,3131307,1,0,0,0
2020-03-23,MG,Juiz de Fora,3136702,8,4,0,0
2020-03-23,MG,Lagoa da Prata,3137205,1,1,0,0
2020-03-23,MG,Mariana,3140001,2,1,0,0
2020-03-23,MG,Nova Lima,3144805,7,3,0,0
2020-03-23,MG,Patrocínio,3148103,1,0,0,0
2020-03-23,MG,Poços de Caldas,3151800,1,0,0,0
2020-03-23,MG,Sete Lagoas,3167202,2,1,0,0
2020-03-23,MG,Timóteo,3168705,1,1,0,0
2020-03-23,MG,Uberaba,3170107,3,0,0,0
2020-03-23,MG,Uberlândia,3170206,6,3,0,0
2020-03-23,MS,Campo Grande,5002704,19,0,0,0
2020-03-23,MS,Ponta Porã,5006606,1,0,0,0
2020-03-23,MS,Sidrolândia,5007901,1,0,0,0
2020-03-23,MT,Cuiabá,5103403,5,4,0,0
2020-03-23,MT,Várzea Grande,5108402,1,1,0,0
2020-03-23,PA,Belém,1501402,4,0,0,0
2020-03-23,PA,Marabá,1504208,1,1,0,0
2020-03-23,PB,Igaracy,2502607,1,1,0,0
2020-03-23,PB,João Pessoa,2507507,1,0,0,0
2020-03-23,PE,Belo Jardim,2601706,1,0,0,0
2020-03-23,PE,Caruaru,2604106,1,1,0,0
2020-03-23,PE,Jaboatão dos Guararapes,2607901,3,0,0,0
2020-03-23,PE,Olinda,2609600,2,1,0,0
2020-03-23,PE,Petrolina,2611101,1,1,0,0
2020-03-23,PE,Recife,2611606,30,2,0,0
2020-03-23,PI,Teresina,2211001,6,0,0,0
2020-03-23,PR,Campo Largo,4104204,1,0,0,0
2020-03-23,PR,Cascavel,4104808,1,1,0,0
2020-03-23,PR,Cianorte,4105508,6,2,0,0
2020-03-23,PR,Colombo,4105805,1,0,0,0
2020-03-23,PR,Curitiba,4106902,34,3,0,0
2020-03-23,PR,Foz do Iguaçu,4108304,4,0,0,0
2020-03-23,PR,Guaíra,4108809,1,0,0,0
2020-03-23,PR,Londrina,4113700,3,0,0,0
2020-03-23,PR,Maringá,4115200,1,0,0,0
2020-03-23,PR,Pato Branco,4118501,1,0,0,0
2020-03-23,PR,Pinhais,4119152,2,0,0,0
2020-03-23,PR,Ponta Grossa,4119905,1,0,0,0
2020-03-23,PR,Umuarama,4128104,0,0,0,0
2020-03-23,RJ,Barra Mansa,3300407,1,0,0,0
2020-03-23,RJ,Guapimirim,3301850,1,0,0,0
2020-03-23,RJ,Miguel Pereira,3302908,1,0,1,0
2020-03-23,RJ,Niterói,3303302,10,0,1,0
2020-03-23,RJ,Petrópolis,3303906,3,0,1,0
2020-03-23,RJ,Rio de Janeiro,3304557,212,44,1,1
2020-03-23,RJ,São Gonçalo,3304904,3,3,0,0
2020-03-23,RN,Mossoró,2408003,1,0,0,0
2020-03-23,RN,Natal,2408102,9,0,0,0
2020-03-23,RN,Parnamirim,2403251,3,0,0,0
2020-03-23,RO,Ji-Paraná,1100122,1,0,0,0
2020-03-23,RO,Porto Velho,1100205,2,0,0,0
2020-03-23,RR,Boa Vista,1400100,2,0,0,0
2020-03-23,RS,Alvorada,4300604,2,0,0,0
2020-03-23,RS,Bagé,4301602,7,4,0,0
2020-03-23,RS,Bento Gonçalves,4302105,2,0,0,0
2020-03-23,RS,Campo Bom,4303905,2,0,0,0
2020-03-23,RS,Canoas,4304606,5,2,0,0
2020-03-23,RS,Capão da Canoa,4304630,1,1,0,0
2020-03-23,RS,Carlos Barbosa,4304804,1,0,0,0
2020-03-23,RS,Caxias do Sul,4305108,2,0,0,0
2020-03-23,RS,Charqueadas,4305355,1,0,0,0
2020-03-23,RS,Cruzeiro do Sul,4306205,1,1,0,0
2020-03-23,RS,Dois Irmãos,4306403,1,0,0,0
2020-03-23,RS,Eldorado do Sul,4306767,1,0,0,0
2020-03-23,RS,Erechim,4307005,3,0,0,0
2020-03-23,RS,Estrela,4307807,1,0,0,0
2020-03-23,RS,Estância Velha,4307609,1,0,0,0
2020-03-23,RS,Farroupilha,4307906,1,0,0,0
2020-03-23,RS,Ivoti,4310801,2,0,0,0
2020-03-23,RS,Lajeado,4311403,3,1,0,0
2020-03-23,RS,Osório,4313508,1,1,0,0
2020-03-23,RS,Porto Alegre,4314902,41,3,0,0
2020-03-23,RS,Rio Grande,4315602,1,1,0,0
2020-03-23,RS,SantAna do Livramento,4317103,3,1,0,0
2020-03-23,RS,Santa Maria,4316907,2,1,0,0
2020-03-23,RS,Santiago,4317400,1,1,0,0
2020-03-23,RS,Santo Antônio da Patrulha,4317608,1,0,0,0
2020-03-23,RS,Sapiranga,4319901,1,-1,0,0
2020-03-23,RS,Serafina Corrêa,4320404,2,1,0,0
2020-03-23,RS,São Leopoldo,4318705,1,0,0,0
2020-03-23,RS,Taquara,4321204,1,-1,0,0
2020-03-23,RS,Torres,4321501,3,2,0,0
2020-03-23,RS,Viamão,4323002,1,1,0,0
2020-03-23,SC,Balneário Camboriú,4202008,6,0,0,0
2020-03-23,SC,Blumenau,4202404,7,1,0,0
2020-03-23,SC,Braço do Norte,4202800,9,2,0,0
2020-03-23,SC,Chapecó,4204202,2,0,0,0
2020-03-23,SC,Criciúma,4204608,9,2,0,0
2020-03-23,SC,Florianópolis,4205407,15,5,0,0
2020-03-23,SC,Gaspar,4205902,1,1,0,0
2020-03-23,SC,Gravatal,4206207,2,1,0,0
2020-03-23,SC,Imbituba,4207304,2,0,0,0
2020-03-23,SC,Itajaí,4208203,7,0,0,0
2020-03-23,SC,Içara,4207007,1,1,0,0
2020-03-23,SC,Jaguaruna,4208807,1,0,0,0
2020-03-23,SC,Jaraguá do Sul,4208906,2,1,0,0
2020-03-23,SC,Joinville,4209102,4,0,0,0
2020-03-23,SC,Lages,4209300,1,0,0,0
2020-03-23,SC,Navegantes,4211306,1,0,0,0
2020-03-23,SC,Pomerode,4213203,1,0,0,0
2020-03-23,SC,Porto Belo,4213500,2,2,0,0
2020-03-23,SC,Rancho Queimado,4214300,2,0,0,0
2020-03-23,SC,São José,4216602,4,1,0,0
2020-03-23,SC,Tubarão,4218707,7,1,0,0
2020-03-23,SE,Aracaju,2800308,7,0,0,0
2020-03-23,SE,Nossa Senhora da Glória,2804508,1,0,0,0
2020-03-23,SE,Propriá,2805703,2,0,0,0
2020-03-23,SP,Barueri,3505708,1,0,0,0
2020-03-23,SP,Campinas,3509502,1,0,0,0
2020-03-23,SP,Carapicuíba,3510609,2,0,0,0
2020-03-23,SP,Cotia,3513009,2,0,0,0
2020-03-23,SP,Ferraz de Vasconcelos,3515707,1,0,0,0
2020-03-23,SP,Guarulhos,3518800,1,0,0,0
2020-03-23,SP,Hortolândia,3519071,1,0,0,0
2020-03-23,SP,Jaguariúna,3524709,1,0,0,0
2020-03-23,SP,Mauá,3529401,1,0,0,0
2020-03-23,SP,Mogi das Cruzes,3530607,1,0,0,0
2020-03-23,SP,Osasco,3534401,1,0,0,0
2020-03-23,SP,Santana de Parnaíba,3547304,2,0,0,0
2020-03-23,SP,Santo André,3547809,3,0,0,0
2020-03-23,SP,Suzano,3552502,1,0,0,0
2020-03-23,SP,São Bernardo do Campo,3548708,4,0,0,0
2020-03-23,SP,São Caetano do Sul,3548807,4,0,0,0
2020-03-23,SP,São José do Rio Preto,3549805,1,0,0,0
2020-03-23,SP,São José dos Campos,3549904,1,0,0,0
2020-03-23,SP,São Paulo,3550308,306,0,9,0
2020-03-23,SP,Taubaté,3554102,1,0,0,0
2020-03-23,SP,Vargem Grande Paulista,3556453,1,0,0,0
2020-03-23,TO,Palmas,1721000,7,2,0,0
2020-03-23,TOTAL,TOTAL,0,1504,247,13,1
2020-03-24,AC,Rio Branco,1200401,21,4,0,0
2020-03-24,AL,Maceió,2704302,10,2,0,0
2020-03-24,AM,Manaus,1302603,45,14,0,0
2020-03-24,AM,Parintins,1303403,2,1,1,1
2020-03-24,AP,Macapá,1600303,1,0,0,0
2020-03-24,BA,Barreiras,2903201,1,0,0,0
2020-03-24,BA,Brumado,2904605,1,0,0,0
2020-03-24,BA,Camaçari,2905701,1,0,0,0
2020-03-24,BA,Conceição do Jacuípe,2908507,1,0,0,0
2020-03-24,BA,Conde,2908606,1,1,0,0
2020-03-24,BA,Feira de Santana,2910800,8,2,0,0
2020-03-24,BA,Itabuna,2914802,1,0,0,0
2020-03-24,BA,Jequié,2918001,1,0,0,0
2020-03-24,BA,Juazeiro,2918407,2,1,0,0
2020-03-24,BA,Lauro de Freitas,2919207,3,0,0,0
2020-03-24,BA,Porto Seguro,2925303,8,0,0,0
2020-03-24,BA,Prado,2925501,2,0,0,0
2020-03-24,BA,Salvador,2927408,45,8,0,0
2020-03-24,BA,Teixeira de Freitas,2931350,1,1,0,0
2020-03-24,CE,Aquiraz,2301000,6,0,0,0
2020-03-24,CE,Fortaleza,2304400,170,19,0,0
2020-03-24,CE,Fortim,2304459,1,0,0,0
2020-03-24,CE,Juazeiro do Norte,2307304,1,0,0,0
2020-03-24,CE,Mauriti,2308104,1,1,0,0
2020-03-24,CE,Sobral,2312908,4,1,0,0
2020-03-24,DF,Brasília,5300108,161,23,0,0
2020-03-24,ES,Cachoeiro de Itapemirim,3201209,1,0,0,0
2020-03-24,ES,Cariacica,3201308,1,0,0,0
2020-03-24,ES,Linhares,3203205,3,1,0,0
2020-03-24,ES,Santa Teresa,3204609,1,0,0,0
2020-03-24,ES,Serra,3205002,1,0,0,0
2020-03-24,ES,Vila Velha,3205200,17,4,0,0
2020-03-24,ES,Vitória,3205309,15,1,0,0
2020-03-24,GO,Anápolis,5201108,3,1,0,0
2020-03-24,GO,Aparecida de Goiânia,5201405,2,0,0,0
2020-03-24,GO,Catalão,5205109,1,0,0,0
2020-03-24,GO,Goiânia,5208707,15,3,0,0
2020-03-24,GO,Jataí,5211909,1,0,0,0
2020-03-24,GO,Rio Verde,5218805,5,0,0,0
2020-03-24,GO,Valparaíso de Goiás,5221858,2,2,0,0
2020-03-24,MA,São Luís,2111300,8,0,0,0
2020-03-24,MG,Belo Horizonte,3106200,87,27,0,0
2020-03-24,MG,Betim,3106705,1,0,0,0
2020-03-24,MG,Bom Despacho,3107406,1,0,0,0
2020-03-24,MG,Campos Altos,3111507,1,0,0,0
2020-03-24,MG,Contagem,3118601,2,0,0,0
2020-03-24,MG,Coronel Fabriciano,3119401,1,0,0,0
2020-03-24,MG,Divinópolis,3122306,1,0,0,0
2020-03-24,MG,Ipatinga,3131307,1,0,0,0
2020-03-24,MG,Juiz de Fora,3136702,8,0,0,0
2020-03-24,MG,Lagoa da Prata,3137205,1,0,0,0
2020-03-24,MG,Mariana,3140001,2,0,0,0
2020-03-24,MG,Nova Lima,3144805,7,0,0,0
2020-03-24,MG,Patrocínio,3148103,1,0,0,0
2020-03-24,MG,Poços de Caldas,3151800,1,0,0,0
2020-03-24,MG,Sete Lagoas,3167202,2,0,0,0
2020-03-24,MG,Timóteo,3168705,1,0,0,0
2020-03-24,MG,Uberaba,3170107,3,0,0,0
2020-03-24,MG,Uberlândia,3170206,7,1,0,0
2020-03-24,MS,Campo Grande,5002704,22,3,0,0
2020-03-24,MS,Ponta Porã,5006606,1,0,0,0
2020-03-24,MS,Sidrolândia,5007901,1,0,0,0
2020-03-24,MT,Cuiabá,5103403,5,0,0,0
2020-03-24,MT,Nova Monte Verde,5108956,1,1,0,0
2020-03-24,MT,Várzea Grande,5108402,1,0,0,0
2020-03-24,PA,Belém,1501402,4,0,0,0
2020-03-24,PA,Marabá,1504208,1,0,0,0
2020-03-24,PB,Igaracy,2502607,1,0,0,0
2020-03-24,PB,João Pessoa,2507507,2,1,0,0
2020-03-24,PE,Belo Jardim,2601706,1,0,0,0
2020-03-24,PE,Caruaru,2604106,1,0,0,0
2020-03-24,PE,Jaboatão dos Guararapes,2607901,3,0,0,0
2020-03-24,PE,Olinda,2609600,2,0,0,0
2020-03-24,PE,Petrolina,2611101,1,0,0,0
2020-03-24,PE,Recife,2611606,30,0,0,0
2020-03-24,PI,Teresina,2211001,8,2,0,0
2020-03-24,PR,Campo Largo,4104204,1,0,0,0
2020-03-24,PR,Cascavel,4104808,2,1,0,0
2020-03-24,PR,Cianorte,4105508,6,0,0,0
2020-03-24,PR,Colombo,4105805,1,0,0,0
2020-03-24,PR,Curitiba,4106902,40,6,0,0
2020-03-24,PR,Foz do Iguaçu,4108304,4,0,0,0
2020-03-24,PR,Guaíra,4108809,1,0,0,0
2020-03-24,PR,Londrina,4113700,3,0,0,0
2020-03-24,PR,Maringá,4115200,1,0,0,0
2020-03-24,PR,Paranavaí,4118402,1,1,0,0
2020-03-24,PR,Pato Branco,4118501,1,0,0,0
2020-03-24,PR,Pinhais,4119152,2,0,0,0
2020-03-24,PR,Ponta Grossa,4119905,1,0,0,0
2020-03-24,PR,Telêmaco Borba,4127106,1,1,0,0
2020-03-24,PR,Umuarama,4128104,0,0,0,0
2020-03-24,RJ,Barra Mansa,3300407,1,0,0,0
2020-03-24,RJ,Campos dos Goytacazes,3301009,1,1,0,0
2020-03-24,RJ,Duque de Caxias,3301702,1,1,0,0
2020-03-24,RJ,Guapimirim,3301850,1,0,0,0
2020-03-24,RJ,Miguel Pereira,3302908,1,0,1,0
2020-03-24,RJ,Niterói,3303302,12,2,1,0
2020-03-24,RJ,Petrópolis,3303906,3,0,1,0
2020-03-24,RJ,Rio de Janeiro,3304557,276,64,3,2
2020-03-24,RJ,São Gonçalo,3304904,3,0,0,0
2020-03-24,RJ,Volta Redonda,3306305,4,4,0,0
2020-03-24,RN,Mossoró,2408003,1,0,0,0
2020-03-24,RN,Natal,2408102,9,0,0,0
2020-03-24,RN,Parnamirim,2403251,4,1,0,0
2020-03-24,RO,Ji-Paraná,1100122,1,0,0,0
2020-03-24,RO,Porto Velho,1100205,4,2,0,0
2020-03-24,RR,Boa Vista,1400100,7,5,0,0
2020-03-24,RR,Bonfim,1400159,1,1,0,0
2020-03-24,RS,Alvorada,4300604,2,0,0,0
2020-03-24,RS,Anta Gorda,4300703,1,1,0,0
2020-03-24,RS,Bagé,4301602,7,0,0,0
2020-03-24,RS,Bento Gonçalves,4302105,2,0,0,0
2020-03-24,RS,Camaquã,4303509,1,1,0,0
2020-03-24,RS,Campo Bom,4303905,2,0,0,0
2020-03-24,RS,Canoas,4304606,6,1,0,0
2020-03-24,RS,Capão da Canoa,4304630,2,1,0,0
2020-03-24,RS,Carlos Barbosa,4304804,1,0,0,0
2020-03-24,RS,Caxias do Sul,4305108,2,0,0,0
2020-03-24,RS,Charqueadas,4305355,1,0,0,0
2020-03-24,RS,Cruzeiro do Sul,4306205,1,0,0,0
2020-03-24,RS,Dois Irmãos,4306403,1,0,0,0
2020-03-24,RS,Eldorado do Sul,4306767,1,0,0,0
2020-03-24,RS,Erechim,4307005,3,0,0,0
2020-03-24,RS,Estrela,4307807,1,0,0,0
2020-03-24,RS,Estância Velha,4307609,1,0,0,0
2020-03-24,RS,Farroupilha,4307906,1,0,0,0
2020-03-24,RS,Garibaldi,4308607,1,1,0,0
2020-03-24,RS,Ivoti,4310801,2,0,0,0
2020-03-24,RS,Lajeado,4311403,5,2,0,0
2020-03-24,RS,Osório,4313508,1,0,0,0
2020-03-24,RS,Paraí,4314001,1,1,0,0
2020-03-24,RS,Porto Alegre,4314902,47,6,0,0
2020-03-24,RS,Rio Grande,4315602,1,0,0,0
2020-03-24,RS,SantAna do Livramento,4317103,3,0,0,0
2020-03-24,RS,Santa Maria,4316907,2,0,0,0
2020-03-24,RS,Santiago,4317400,1,0,0,0
2020-03-24,RS,Santo Antônio da Patrulha,4317608,1,0,0,0
2020-03-24,RS,Sapiranga,4319901,1,0,0,0
2020-03-24,RS,Serafina Corrêa,4320404,3,1,0,0
2020-03-24,RS,São Leopoldo,4318705,1,0,0,0
2020-03-24,RS,Taquara,4321204,1,0,0,0
2020-03-24,RS,Torres,4321501,4,1,0,0
2020-03-24,RS,Viamão,4323002,1,0,0,0
2020-03-24,SC,Balneário Camboriú,4202008,9,3,0,0
2020-03-24,SC,Blumenau,4202404,7,0,0,0
2020-03-24,SC,Braço do Norte,4202800,9,0,0,0
2020-03-24,SC,Chapecó,4204202,3,1,0,0
2020-03-24,SC,Criciúma,4204608,9,0,0,0
2020-03-24,SC,Florianópolis,4205407,20,5,0,0
2020-03-24,SC,Gaspar,4205902,1,0,0,0
2020-03-24,SC,Gravatal,4206207,2,0,0,0
2020-03-24,SC,Imbituba,4207304,4,2,0,0
2020-03-24,SC,Itajaí,4208203,10,3,0,0
2020-03-24,SC,Içara,4207007,1,0,0,0
2020-03-24,SC,Jaguaruna,4208807,2,1,0,0
2020-03-24,SC,Jaraguá do Sul,4208906,2,0,0,0
2020-03-24,SC,Joinville,4209102,4,0,0,0
2020-03-24,SC,Lages,4209300,1,0,0,0
2020-03-24,SC,Laguna,4209409,1,1,0,0
2020-03-24,SC,Navegantes,4211306,3,2,0,0
2020-03-24,SC,Pomerode,4213203,1,0,0,0
2020-03-24,SC,Porto Belo,4213500,2,0,0,0
2020-03-24,SC,Rancho Queimado,4214300,2,0,0,0
2020-03-24,SC,São José,4216602,6,2,0,0
2020-03-24,SC,Tijucas,4218004,1,1,0,0
2020-03-24,SC,Tubarão,4218707,9,2,0,0
2020-03-24,SE,Aracaju,2800308,12,5,0,0
2020-03-24,SE,Nossa Senhora da Glória,2804508,1,0,0,0
2020-03-24,SE,Propriá,2805703,2,0,0,0
2020-03-24,SP,Barueri,3505708,1,0,0,0
2020-03-24,SP,Campinas,3509502,1,0,0,0
2020-03-24,SP,Carapicuíba,3510609,2,0,0,0
2020-03-24,SP,Cotia,3513009,2,0,0,0
2020-03-24,SP,Ferraz de Vasconcelos,3515707,1,0,0,0
2020-03-24,SP,Guarulhos,3518800,1,0,0,0
2020-03-24,SP,Hortolândia,3519071,1,0,0,0
2020-03-24,SP,Jaguariúna,3524709,1,0,0,0
2020-03-24,SP,Mauá,3529401,1,0,0,0
2020-03-24,SP,Mogi das Cruzes,3530607,1,0,0,0
2020-03-24,SP,Osasco,3534401,1,0,0,0
2020-03-24,SP,Santana de Parnaíba,3547304,2,0,0,0
2020-03-24,SP,Santo André,3547809,3,0,0,0
2020-03-24,SP,Suzano,3552502,1,0,0,0
2020-03-24,SP,São Bernardo do Campo,3548708,4,0,0,0
2020-03-24,SP,São Caetano do Sul,3548807,4,0,0,0
2020-03-24,SP,São José do Rio Preto,3549805,1,0,0,0
2020-03-24,SP,São José dos Campos,3549904,1,0,0,0
2020-03-24,SP,São Paulo,3550308,306,0,9,0
2020-03-24,SP,Taubaté,3554102,1,0,0,0
2020-03-24,SP,Vargem Grande Paulista,3556453,1,0,0,0
2020-03-24,TO,Palmas,1721000,7,0,0,0
2020-03-24,TOTAL,TOTAL,0,1763,259,16,3
2020-03-25,AC,Rio Branco,1200401,23,2,0,0
2020-03-25,AL,Maceió,2704302,10,0,0,0
2020-03-25,AL,Porto Real do Colégio,2707503,1,1,0,0
2020-03-25,AM,Manaus,1302603,52,7,0,0
2020-03-25,AM,Parintins,1303403,2,0,1,0
2020-03-25,AP,Macapá,1600303,2,1,0,0
2020-03-25,BA,Barreiras,2903201,1,0,0,0
2020-03-25,BA,Brumado,2904605,1,0,0,0
2020-03-25,BA,Camaçari,2905701,1,0,0,0
2020-03-25,BA,Canarana,2906204,1,1,0,0
2020-03-25,BA,Conceição do Jacuípe,2908507,1,0,0,0
2020-03-25,BA,Conde,2908606,1,0,0,0
2020-03-25,BA,Feira de Santana,2910800,8,0,0,0
2020-03-25,BA,Ilhéus,2913606,1,1,0,0
2020-03-25,BA,Itabuna,2914802,1,0,0,0
2020-03-25,BA,Jequié,2918001,1,0,0,0
2020-03-25,BA,Juazeiro,2918407,2,0,0,0
2020-03-25,BA,Lauro de Freitas,2919207,3,0,0,0
2020-03-25,BA,Porto Seguro,2925303,8,0,0,0
2020-03-25,BA,Prado,2925501,2,0,0,0
2020-03-25,BA,Salvador,2927408,54,9,0,0
2020-03-25,BA,São Domingos,2928950,1,1,0,0
2020-03-25,BA,Teixeira de Freitas,2931350,1,0,0,0
2020-03-25,CE,Aquiraz,2301000,6,0,0,0
2020-03-25,CE,Fortaleza,2304400,196,26,0,0
2020-03-25,CE,Fortim,2304459,1,0,0,0
2020-03-25,CE,Juazeiro do Norte,2307304,1,0,0,0
2020-03-25,CE,Mauriti,2308104,1,0,0,0
2020-03-25,CE,Sobral,2312908,4,0,0,0
2020-03-25,DF,Brasília,5300108,195,34,0,0
2020-03-25,ES,Cachoeiro de Itapemirim,3201209,1,0,0,0
2020-03-25,ES,Cariacica,3201308,1,0,0,0
2020-03-25,ES,Linhares,3203205,3,0,0,0
2020-03-25,ES,Santa Teresa,3204609,1,0,0,0
2020-03-25,ES,Serra,3205002,1,0,0,0
2020-03-25,ES,Vila Velha,3205200,17,0,0,0
2020-03-25,ES,Vitória,3205309,15,0,0,0
2020-03-25,GO,Anápolis,5201108,3,0,0,0
2020-03-25,GO,Aparecida de Goiânia,5201405,2,0,0,0
2020-03-25,GO,Catalão,5205109,1,0,0,0
2020-03-25,GO,Goiânia,5208707,15,0,0,0
2020-03-25,GO,Jataí,5211909,1,0,0,0
2020-03-25,GO,Luziânia,5212501,1,1,0,0
2020-03-25,GO,Rio Verde,5218805,6,1,0,0
2020-03-25,GO,Silvânia,5220603,1,1,0,0
2020-03-25,GO,Valparaíso de Goiás,5221858,2,0,0,0
2020-03-25,MA,São Luís,2111300,8,0,0,0
2020-03-25,MG,Belo Horizonte,3106200,90,3,0,0
2020-03-25,MG,Betim,3106705,1,0,0,0
2020-03-25,MG,Bom Despacho,3107406,1,0,0,0
2020-03-25,MG,Campos Altos,3111507,1,0,0,0
2020-03-25,MG,Contagem,3118601,2,0,0,0
2020-03-25,MG,Coronel Fabriciano,3119401,1,0,0,0
2020-03-25,MG,Divinópolis,3122306,1,0,0,0
2020-03-25,MG,Ipatinga,3131307,1,0,0,0
2020-03-25,MG,Juiz de Fora,3136702,8,0,0,0
2020-03-25,MG,Lagoa da Prata,3137205,1,0,0,0
2020-03-25,MG,Mariana,3140001,2,0,0,0
2020-03-25,MG,Nova Lima,3144805,7,0,0,0
2020-03-25,MG,Patrocínio,3148103,1,0,0,0
2020-03-25,MG,Poços de Caldas,3151800,1,0,0,0
2020-03-25,MG,Sete Lagoas,3167202,2,0,0,0
2020-03-25,MG,Timóteo,3168705,1,0,0,0
2020-03-25,MG,Uberaba,3170107,3,0,0,0
2020-03-25,MG,Uberlândia,3170206,7,0,0,0
2020-03-25,MS,Campo Grande,5002704,22,0,0,0
2020-03-25,MS,Ponta Porã,5006606,1,0,0,0
2020-03-25,MS,Sidrolândia,5007901,1,0,0,0
2020-03-25,MT,Cuiabá,5103403,6,1,0,0
2020-03-25,MT,Nova Monte Verde,5108956,1,0,0,0
2020-03-25,MT,Várzea Grande,5108402,2,1,0,0
2020-03-25,PA,Ananindeua,1500800,2,2,0,0
2020-03-25,PA,Belém,1501402,4,0,0,0
2020-03-25,PA,Marabá,1504208,1,0,0,0
2020-03-25,PB,Igaracy,2502607,1,0,0,0
2020-03-25,PB,João Pessoa,2507507,4,2,0,0
2020-03-25,PE,Belo Jardim,2601706,1,0,0,0
2020-03-25,PE,Caruaru,2604106,1,0,0,0
2020-03-25,PE,Jaboatão dos Guararapes,2607901,3,0,0,0
2020-03-25,PE,Olinda,2609600,3,1,0,0
2020-03-25,PE,Petrolina,2611101,2,1,0,0
2020-03-25,PE,Recife,2611606,31,1,1,1
2020-03-25,PI,Teresina,2211001,9,1,0,0
2020-03-25,PR,Campo Largo,4104204,1,0,0,0
2020-03-25,PR,Campo Mourão,4104303,1,1,0,0
2020-03-25,PR,Cascavel,4104808,2,0,0,0
2020-03-25,PR,Cianorte,4105508,6,0,0,0
2020-03-25,PR,Colombo,4105805,2,1,0,0
2020-03-25,PR,Curitiba,4106902,60,20,0,0
2020-03-25,PR,Faxinal,4107603,1,1,0,0
2020-03-25,PR,Foz do Iguaçu,4108304,5,1,0,0
2020-03-25,PR,Guaíra,4108809,1,0,0,0
2020-03-25,PR,Londrina,4113700,3,0,0,0
2020-03-25,PR,Maringá,4115200,2,1,0,0
2020-03-25,PR,Paranavaí,4118402,1,0,0,0
2020-03-25,PR,Pato Branco,4118501,1,0,0,0
2020-03-25,PR,Pinhais,4119152,3,1,0,0
2020-03-25,PR,Ponta Grossa,4119905,3,2,0,0
2020-03-25,PR,Telêmaco Borba,4127106,1,0,0,0
2020-03-25,PR,Umuarama,4128104,0,0,0,0
2020-03-25,RJ,Barra Mansa,3300407,1,0,0,0
2020-03-25,RJ,Campos dos Goytacazes,3301009,1,0,0,0
2020-03-25,RJ,Duque de Caxias,3301702,2,1,0,0
2020-03-25,RJ,Guapimirim,3301850,1,0,0,0
2020-03-25,RJ,Miguel Pereira,3302908,1,0,1,0
2020-03-25,RJ,Niterói,3303302,19,7,1,0
2020-03-25,RJ,Petrópolis,3303906,3,0,1,0
2020-03-25,RJ,Resende,3304201,1,1,0,0
2020-03-25,RJ,Rio de Janeiro,3304557,331,55,5,2
2020-03-25,RJ,São Gonçalo,3304904,3,0,0,0
2020-03-25,RJ,Valença,3306107,1,1,0,0
2020-03-25,RJ,Volta Redonda,3306305,6,2,0,0
2020-03-25,RN,Mossoró,2408003,1,0,0,0
2020-03-25,RN,Natal,2408102,9,0,0,0
2020-03-25,RN,Parnamirim,2403251,4,0,0,0
2020-03-25,RO,Ji-Paraná,1100122,1,0,0,0
2020-03-25,RO,Porto Velho,1100205,4,0,0,0
2020-03-25,RR,Boa Vista,1400100,7,0,0,0
2020-03-25,RR,Bonfim,1400159,1,0,0,0
2020-03-25,RS,Alvorada,4300604,2,0,0,0
2020-03-25,RS,Anta Gorda,4300703,2,1,0,0
2020-03-25,RS,Bagé,4301602,7,0,0,0
2020-03-25,RS,Bento Gonçalves,4302105,2,0,0,0
2020-03-25,RS,Camaquã,4303509,0,-1,0,0
2020-03-25,RS,Campo Bom,4303905,2,0,0,0
2020-03-25,RS,Canoas,4304606,6,0,0,0
2020-03-25,RS,Capão da Canoa,4304630,2,0,0,0
2020-03-25,RS,Carlos Barbosa,4304804,1,0,0,0
2020-03-25,RS,Caxias do Sul,4305108,3,1,0,0
2020-03-25,RS,Cerro Grande do Sul,4305173,1,1,0,0
2020-03-25,RS,Charqueadas,4305355,1,0,0,0
2020-03-25,RS,Cruzeiro do Sul,4306205,1,0,0,0
2020-03-25,RS,Dois Irmãos,4306403,1,0,0,0
2020-03-25,RS,Dom Pedrito,4306601,1,1,0,0
2020-03-25,RS,Eldorado do Sul,4306767,1,0,0,0
2020-03-25,RS,Erechim,4307005,3,0,0,0
2020-03-25,RS,Estrela,4307807,1,0,0,0
2020-03-25,RS,Estância Velha,4307609,1,0,0,0
2020-03-25,RS,Farroupilha,4307906,1,0,0,0
2020-03-25,RS,Garibaldi,4308607,1,0,0,0
2020-03-25,RS,Gravataí,4309209,1,1,0,0
2020-03-25,RS,Ivoti,4310801,2,0,0,0
2020-03-25,RS,Lajeado,4311403,5,0,0,0
2020-03-25,RS,Osório,4313508,1,0,0,0
2020-03-25,RS,Paraí,4314001,1,0,0,0
2020-03-25,RS,Pelotas,4314407,1,1,0,0
2020-03-25,RS,Porto Alegre,4314902,87,40,1,1
2020-03-25,RS,Rio Grande,4315602,2,1,0,0
2020-03-25,RS,SantAna do Livramento,4317103,4,1,0,0
2020-03-25,RS,Santa Maria,4316907,2,0,0,0
2020-03-25,RS,Santiago,4317400,1,0,0,0
2020-03-25,RS,Santo Antônio da Patrulha,4317608,1,0,0,0
2020-03-25,RS,Sapiranga,4319901,2,1,0,0
2020-03-25,RS,Serafina Corrêa,4320404,3,0,0,0
2020-03-25,RS,São Leopoldo,4318705,1,0,0,0
2020-03-25,RS,Taquara,4321204,1,0,0,0
2020-03-25,RS,Torres,4321501,6,2,0,0
2020-03-25,RS,Viamão,4323002,1,0,0,0
2020-03-25,SC,Balneário Arroio do Silva,4201950,1,1,0,0
2020-03-25,SC,Balneário Camboriú,4202008,7,-2,0,0
2020-03-25,SC,Blumenau,4202404,9,2,0,0
2020-03-25,SC,Braço do Norte,4202800,9,0,0,0
2020-03-25,SC,Camboriú,4203204,2,2,0,0
2020-03-25,SC,Canelinha,4203709,1,1,0,0
2020-03-25,SC,Chapecó,4204202,2,-1,0,0
2020-03-25,SC,Criciúma,4204608,11,2,0,0
2020-03-25,SC,Florianópolis,4205407,16,-4,0,0
2020-03-25,SC,Gaspar,4205902,1,0,0,0
2020-03-25,SC,Gravatal,4206207,3,1,0,0
2020-03-25,SC,Imbituba,4207304,4,0,0,0
2020-03-25,SC,Itajaí,4208203,12,2,0,0
2020-03-25,SC,Içara,4207007,1,0,0,0
2020-03-25,SC,Jaguaruna,4208807,2,0,0,0
2020-03-25,SC,Jaraguá do Sul,4208906,2,0,0,0
2020-03-25,SC,Joinville,4209102,5,1,0,0
2020-03-25,SC,Lages,4209300,1,0,0,0
2020-03-25,SC,Laguna,4209409,1,0,0,0
2020-03-25,SC,Navegantes,4211306,3,0,0,0
2020-03-25,SC,Pomerode,4213203,1,0,0,0
2020-03-25,SC,Porto Belo,4213500,2,0,0,0
2020-03-25,SC,Rancho Queimado,4214300,2,0,0,0
2020-03-25,SC,São José,4216602,5,-1,0,0
2020-03-25,SC,São Ludgero,4217006,1,1,0,0
2020-03-25,SC,São Pedro de Alcântara,4217253,1,1,0,0
2020-03-25,SC,Tijucas,4218004,1,0,0,0
2020-03-25,SC,Tubarão,4218707,8,-1,0,0
2020-03-25,SE,Aracaju,2800308,13,1,0,0
2020-03-25,SE,Nossa Senhora da Glória,2804508,1,0,0,0
2020-03-25,SE,Propriá,2805703,2,0,0,0
2020-03-25,SP,Barueri,3505708,1,0,0,0
2020-03-25,SP,Caieiras,3509007,1,1,0,0
2020-03-25,SP,Campinas,3509502,4,3,0,0
2020-03-25,SP,Carapicuíba,3510609,2,0,0,0
2020-03-25,SP,Cotia,3513009,6,4,0,0
2020-03-25,SP,Embu das Artes,3515004,1,1,0,0
2020-03-25,SP,Ferraz de Vasconcelos,3515707,1,0,0,0
2020-03-25,SP,Guarulhos,3518800,5,4,1,1
2020-03-25,SP,Hortolândia,3519071,2,1,0,0
2020-03-25,SP,Iracemápolis,3521408,1,1,0,0
2020-03-25,SP,Jaguariúna,3524709,1,0,0,0
2020-03-25,SP,Jundiaí,3525904,1,1,0,0
2020-03-25,SP,Mauá,3529401,2,1,0,0
2020-03-25,SP,Mogi das Cruzes,3530607,4,3,0,0
2020-03-25,SP,Osasco,3534401,3,2,1,1
2020-03-25,SP,Poá,3539806,1,1,0,0
2020-03-25,SP,Ribeirão Pires,3543303,1,1,0,0
2020-03-25,SP,Rio Claro,3543907,1,1,0,0
2020-03-25,SP,Santana de Parnaíba,3547304,4,2,0,0
2020-03-25,SP,Santo André,3547809,17,14,0,0
2020-03-25,SP,Suzano,3552502,1,0,0,0
2020-03-25,SP,São Bernardo do Campo,3548708,13,9,0,0
2020-03-25,SP,São Caetano do Sul,3548807,16,12,0,0
2020-03-25,SP,São José do Rio Preto,3549805,1,0,0,0
2020-03-25,SP,São José dos Campos,3549904,2,1,0,0
2020-03-25,SP,São Paulo,3550308,722,416,44,35
2020-03-25,SP,São Sebastião,3550704,2,2,0,0
2020-03-25,SP,Taboão da Serra,3552809,1,1,1,1
2020-03-25,SP,Taubaté,3554102,1,0,0,0
2020-03-25,SP,Valinhos,3556206,1,1,0,0
2020-03-25,SP,Vargem Grande Paulista,3556453,0,-1,1,1
2020-03-25,TO,Palmas,1721000,7,0,0,0
2020-03-25,TOTAL,TOTAL,0,2495,732,59,43
2020-03-26,AC,Rio Branco,1200401,23,0,0,0
2020-03-26,AL,Maceió,2704302,10,0,0,0
2020-03-26,AL,Porto Real do Colégio,2707503,1,0,0,0
2020-03-26,AM,Boca do Acre,1300706,1,1,0,0
2020-03-26,AM,Manaus,1302603,63,11,0,0
2020-03-26,AM,Parintins,1303403,2,0,1,0
2020-03-26,AM,Santo Antônio do Içá,1303700,1,1,0,0
2020-03-26,AP,Macapá,1600303,2,0,0,0
2020-03-26,BA,Alagoinhas,2900702,1,1,0,0
2020-03-26,BA,Barreiras,2903201,1,0,0,0
2020-03-26,BA,Brumado,2904605,1,0,0,0
2020-03-26,BA,Camaçari,2905701,1,0,0,0
2020-03-26,BA,Canarana,2906204,1,0,0,0
2020-03-26,BA,Conceição do Jacuípe,2908507,1,0,0,0
2020-03-26,BA,Conde,2908606,1,0,0,0
2020-03-26,BA,Feira de Santana,2910800,9,1,0,0
2020-03-26,BA,Ilhéus,2913606,1,0,0,0
2020-03-26,BA,Itabuna,2914802,2,1,0,0
2020-03-26,BA,Jequié,2918001,1,0,0,0
2020-03-26,BA,Juazeiro,2918407,2,0,0,0
2020-03-26,BA,Lauro de Freitas,2919207,5,2,0,0
2020-03-26,BA,Porto Seguro,2925303,10,2,0,0
2020-03-26,BA,Prado,2925501,2,0,0,0
2020-03-26,BA,Salvador,2927408,60,6,0,0
2020-03-26,BA,São Domingos,2928950,1,0,0,0
2020-03-26,BA,Teixeira de Freitas,2931350,1,0,0,0
2020-03-26,CE,Aquiraz,2301000,6,0,0,0
2020-03-26,CE,Fortaleza,2304400,224,28,3,3
2020-03-26,CE,Fortim,2304459,1,0,0,0
2020-03-26,CE,Juazeiro do Norte,2307304,1,0,0,0
2020-03-26,CE,Mauriti,2308104,1,0,0,0
2020-03-26,CE,Sobral,2312908,4,0,0,0
2020-03-26,DF,Brasília,5300108,171,-24,0,0
2020-03-26,ES,Cachoeiro de Itapemirim,3201209,1,0,0,0
2020-03-26,ES,Cariacica,3201308,1,0,0,0
2020-03-26,ES,Castelo,3201407,1,1,0,0
2020-03-26,ES,Linhares,3203205,3,0,0,0
2020-03-26,ES,Santa Teresa,3204609,1,0,0,0
2020-03-26,ES,Serra,3205002,3,2,0,0
2020-03-26,ES,Vila Velha,3205200,20,3,0,0
2020-03-26,ES,Vitória,3205309,17,2,0,0
2020-03-26,GO,Anápolis,5201108,3,0,0,0
2020-03-26,GO,Aparecida de Goiânia,5201405,2,0,0,0
2020-03-26,GO,Catalão,5205109,1,0,0,0
2020-03-26,GO,Goiânia,5208707,21,6,0,0
2020-03-26,GO,Jataí,5211909,1,0,0,0
2020-03-26,GO,Luziânia,5212501,1,0,1,1
2020-03-26,GO,Rio Verde,5218805,6,0,0,0
2020-03-26,GO,Silvânia,5220603,1,0,0,0
2020-03-26,GO,Valparaíso de Goiás,5221858,2,0,0,0
2020-03-26,MA,São Luís,2111300,10,2,0,0
2020-03-26,MG,Belo Horizonte,3106200,96,6,0,0
2020-03-26,MG,Betim,3106705,3,2,0,0
2020-03-26,MG,Boa Esperança,3107109,1,1,0,0
2020-03-26,MG,Bom Despacho,3107406,1,0,0,0
2020-03-26,MG,Campos Altos,3111507,1,0,0,0
2020-03-26,MG,Contagem,3118601,2,0,0,0
2020-03-26,MG,Coronel Fabriciano,3119401,1,0,0,0
2020-03-26,MG,Divinópolis,3122306,2,1,0,0
2020-03-26,MG,Governador Valadares,3127701,1,1,0,0
2020-03-26,MG,Ipatinga,3131307,1,0,0,0
2020-03-26,MG,Juiz de Fora,3136702,8,0,0,0
2020-03-26,MG,Lagoa da Prata,3137205,2,1,0,0
2020-03-26,MG,Mariana,3140001,2,0,0,0
2020-03-26,MG,Nova Lima,3144805,11,4,0,0
2020-03-26,MG,Patrocínio,3148103,1,0,0,0
2020-03-26,MG,Poços de Caldas,3151800,1,0,0,0
2020-03-26,MG,Sete Lagoas,3167202,2,0,0,0
2020-03-26,MG,São João del Rei,3162500,1,1,0,0
2020-03-26,MG,Timóteo,3168705,1,0,0,0
2020-03-26,MG,Uberaba,3170107,3,0,0,0
2020-03-26,MG,Uberlândia,3170206,7,0,0,0
2020-03-26,MS,Campo Grande,5002704,23,1,0,0
2020-03-26,MS,Ponta Porã,5006606,1,0,0,0
2020-03-26,MS,Sidrolândia,5007901,1,0,0,0
2020-03-26,MT,Cuiabá,5103403,8,2,0,0
2020-03-26,MT,Nova Monte Verde,5108956,1,0,0,0
2020-03-26,MT,Várzea Grande,5108402,2,0,0,0
2020-03-26,PA,Ananindeua,1500800,4,2,0,0
2020-03-26,PA,Belém,1501402,6,2,0,0
2020-03-26,PA,Castanhal,1502400,1,1,0,0
2020-03-26,PA,Itaituba,1503606,1,1,0,0
2020-03-26,PA,Marabá,1504208,1,0,0,0
2020-03-26,PB,Igaracy,2502607,1,0,0,0
2020-03-26,PB,João Pessoa,2507507,5,1,0,0
2020-03-26,PE,Belo Jardim,2601706,1,0,0,0
2020-03-26,PE,Caruaru,2604106,1,0,0,0
2020-03-26,PE,Jaboatão dos Guararapes,2607901,3,0,0,0
2020-03-26,PE,Olinda,2609600,3,0,0,0
2020-03-26,PE,Petrolina,2611101,2,0,0,0
2020-03-26,PE,Recife,2611606,33,2,2,1
2020-03-26,PI,Teresina,2211001,9,0,0,0
2020-03-26,PR,Campo Largo,4104204,1,0,0,0
2020-03-26,PR,Campo Mourão,4104303,1,0,0,0
2020-03-26,PR,Cascavel,4104808,2,0,0,0
2020-03-26,PR,Cianorte,4105508,6,0,0,0
2020-03-26,PR,Colombo,4105805,2,0,0,0
2020-03-26,PR,Curitiba,4106902,66,6,0,0
2020-03-26,PR,Faxinal,4107603,1,0,0,0
2020-03-26,PR,Foz do Iguaçu,4108304,5,0,0,0
2020-03-26,PR,Guaíra,4108809,1,0,0,0
2020-03-26,PR,Londrina,4113700,3,0,0,0
2020-03-26,PR,Maringá,4115200,3,1,0,0
2020-03-26,PR,Paranavaí,4118402,1,0,0,0
2020-03-26,PR,Pato Branco,4118501,2,1,0,0
2020-03-26,PR,Pinhais,4119152,3,0,0,0
2020-03-26,PR,Ponta Grossa,4119905,3,0,0,0
2020-03-26,PR,Telêmaco Borba,4127106,1,0,0,0
2020-03-26,PR,Umuarama,4128104,1,1,0,0
2020-03-26,RJ,Barra Mansa,3300407,1,0,0,0
2020-03-26,RJ,Belford Roxo,3300456,1,1,0,0
2020-03-26,RJ,Campos dos Goytacazes,3301009,1,0,0,0
2020-03-26,RJ,Duque de Caxias,3301702,2,0,0,0
2020-03-26,RJ,Guapimirim,3301850,1,0,0,0
2020-03-26,RJ,Miguel Pereira,3302908,1,0,1,0
2020-03-26,RJ,Niterói,3303302,31,12,1,0
2020-03-26,RJ,Petrópolis,3303906,3,0,1,0
2020-03-26,RJ,Resende,3304201,1,0,0,0
2020-03-26,RJ,Rio de Janeiro,3304557,368,37,6,1
2020-03-26,RJ,São Gonçalo,3304904,3,0,0,0
2020-03-26,RJ,Valença,3306107,1,0,0,0
2020-03-26,RJ,Volta Redonda,3306305,7,1,0,0
2020-03-26,RN,Mossoró,2408003,2,1,0,0
2020-03-26,RN,Natal,2408102,13,4,0,0
2020-03-26,RN,Parnamirim,2403251,4,0,0,0
2020-03-26,RO,Ji-Paraná,1100122,1,0,0,0
2020-03-26,RO,Porto Velho,1100205,5,1,0,0
2020-03-26,RR,Boa Vista,1400100,9,2,0,0
2020-03-26,RR,Bonfim,1400159,1,0,0,0
2020-03-26,RS,Alvorada,4300604,2,0,0,0
2020-03-26,RS,Anta Gorda,4300703,2,0,0,0
2020-03-26,RS,Bagé,4301602,9,2,0,0
2020-03-26,RS,Bento Gonçalves,4302105,2,0,0,0
2020-03-26,RS,Camaquã,4303509,0,0,0,0
2020-03-26,RS,Campo Bom,4303905,2,0,0,0
2020-03-26,RS,Canoas,4304606,7,1,0,0
2020-03-26,RS,Capão da Canoa,4304630,2,0,0,0
2020-03-26,RS,Carlos Barbosa,4304804,1,0,0,0
2020-03-26,RS,Caxias do Sul,4305108,6,3,0,0
2020-03-26,RS,Cerro Grande do Sul,4305173,1,0,0,0
2020-03-26,RS,Charqueadas,4305355,1,0,0,0
2020-03-26,RS,Cruzeiro do Sul,4306205,1,0,0,0
2020-03-26,RS,Dois Irmãos,4306403,1,0,0,0
2020-03-26,RS,Dom Pedrito,4306601,1,0,0,0
2020-03-26,RS,Eldorado do Sul,4306767,1,0,0,0
2020-03-26,RS,Erechim,4307005,3,0,0,0
2020-03-26,RS,Estrela,4307807,1,0,0,0
2020-03-26,RS,Estância Velha,4307609,2,1,0,0
2020-03-26,RS,Farroupilha,4307906,1,0,0,0
2020-03-26,RS,Garibaldi,4308607,1,0,0,0
2020-03-26,RS,Gravataí,4309209,1,0,0,0
2020-03-26,RS,Ivoti,4310801,2,0,0,0
2020-03-26,RS,Lajeado,4311403,5,0,0,0
2020-03-26,RS,Marau,4311809,1,1,0,0
2020-03-26,RS,Nova Palma,4313102,1,1,0,0
2020-03-26,RS,Osório,4313508,1,0,0,0
2020-03-26,RS,Paraí,4314001,1,0,0,0
2020-03-26,RS,Passo Fundo,4314100,1,1,0,0
2020-03-26,RS,Pelotas,4314407,2,1,0,0
2020-03-26,RS,Piratini,4314605,1,1,0,0
2020-03-26,RS,Porto Alegre,4314902,103,16,1,0
2020-03-26,RS,Rio Grande,4315602,2,0,0,0
2020-03-26,RS,Rolante,4316006,1,1,0,0
2020-03-26,RS,SantAna do Livramento,4317103,4,0,0,0
2020-03-26,RS,Santa Maria,4316907,2,0,0,0
2020-03-26,RS,Santiago,4317400,1,0,0,0
2020-03-26,RS,Santo Antônio da Patrulha,4317608,1,0,0,0
2020-03-26,RS,Sapiranga,4319901,1,-1,0,0
2020-03-26,RS,Serafina Corrêa,4320404,3,0,0,0
2020-03-26,RS,São Leopoldo,4318705,1,0,0,0
2020-03-26,RS,Taquara,4321204,1,0,0,0
2020-03-26,RS,Torres,4321501,6,0,0,0
2020-03-26,RS,Viamão,4323002,1,0,0,0
2020-03-26,SC,Balneário Arroio do Silva,4201950,1,0,0,0
2020-03-26,SC,Balneário Camboriú,4202008,8,1,0,0
2020-03-26,SC,Blumenau,4202404,12,3,0,0
2020-03-26,SC,Braço do Norte,4202800,9,0,0,0
2020-03-26,SC,Camboriú,4203204,4,2,0,0
2020-03-26,SC,Canelinha,4203709,1,0,0,0
2020-03-26,SC,Chapecó,4204202,4,2,0,0
2020-03-26,SC,Criciúma,4204608,12,1,0,0
2020-03-26,SC,Florianópolis,4205407,20,4,0,0
2020-03-26,SC,Gaspar,4205902,1,0,0,0
2020-03-26,SC,Gravatal,4206207,3,0,0,0
2020-03-26,SC,Imbituba,4207304,5,1,0,0
2020-03-26,SC,Itajaí,4208203,16,4,0,0
2020-03-26,SC,Itapema,4208302,1,1,0,0
2020-03-26,SC,Içara,4207007,1,0,0,0
2020-03-26,SC,Jaguaruna,4208807,2,0,0,0
2020-03-26,SC,Jaraguá do Sul,4208906,2,0,0,0
2020-03-26,SC,Joinville,4209102,7,2,0,0
2020-03-26,SC,Lages,4209300,1,0,0,0
2020-03-26,SC,Laguna,4209409,0,-1,0,0
2020-03-26,SC,Navegantes,4211306,3,0,0,0
2020-03-26,SC,Pomerode,4213203,1,0,0,0
2020-03-26,SC,Porto Belo,4213500,3,1,1,1
2020-03-26,SC,Rancho Queimado,4214300,2,0,0,0
2020-03-26,SC,Siderópolis,4217600,2,2,0,0
2020-03-26,SC,São José,4216602,8,3,0,0
2020-03-26,SC,São Ludgero,4217006,1,0,0,0
2020-03-26,SC,São Pedro de Alcântara,4217253,1,0,0,0
2020-03-26,SC,Tijucas,4218004,1,0,0,0
2020-03-26,SC,Timbé do Sul,4218103,1,1,0,0
2020-03-26,SC,Tubarão,4218707,8,0,0,0
2020-03-26,SE,Aracaju,2800308,13,0,0,0
2020-03-26,SE,Nossa Senhora da Glória,2804508,1,0,0,0
2020-03-26,SE,Propriá,2805703,2,0,0,0
2020-03-26,SP,Arujá,3503901,1,1,0,0
2020-03-26,SP,Barueri,3505708,3,2,0,0
2020-03-26,SP,Caieiras,3509007,2,1,0,0
2020-03-26,SP,Campinas,3509502,4,0,0,0
2020-03-26,SP,Carapicuíba,3510609,2,0,0,0
2020-03-26,SP,Cotia,3513009,5,-1,0,0
2020-03-26,SP,Embu das Artes,3515004,1,0,0,0
2020-03-26,SP,Ferraz de Vasconcelos,3515707,1,0,0,0
2020-03-26,SP,Guarulhos,3518800,9,4,1,0
2020-03-26,SP,Hortolândia,3519071,1,-1,0,0
2020-03-26,SP,Iracemápolis,3521408,1,0,0,0
2020-03-26,SP,Jaguariúna,3524709,1,0,0,0
2020-03-26,SP,Jundiaí,3525904,2,1,0,0
2020-03-26,SP,Louveira,3527306,2,2,0,0
2020-03-26,SP,Mairiporã,3528502,1,1,0,0
2020-03-26,SP,Mauá,3529401,2,0,0,0
2020-03-26,SP,Mogi das Cruzes,3530607,7,3,0,0
2020-03-26,SP,Osasco,3534401,3,0,0,-1
2020-03-26,SP,Poá,3539806,1,0,0,0
2020-03-26,SP,Ribeirão Pires,3543303,1,0,0,0
2020-03-26,SP,Ribeirão Preto,3543402,1,1,1,1
2020-03-26,SP,Rio Claro,3543907,1,0,0,0
2020-03-26,SP,Santana de Parnaíba,3547304,6,2,0,0
2020-03-26,SP,Santo André,3547809,16,-1,0,0
2020-03-26,SP,Suzano,3552502,2,1,0,0
2020-03-26,SP,São Bernardo do Campo,3548708,13,0,0,0
2020-03-26,SP,São Caetano do Sul,3548807,17,1,0,0
2020-03-26,SP,São José do Rio Preto,3549805,1,0,0,0
2020-03-26,SP,São José dos Campos,3549904,2,0,0,0
2020-03-26,SP,São Paulo,3550308,899,177,53,9
2020-03-26,SP,São Sebastião,3550704,2,0,0,0
2020-03-26,SP,Taboão da Serra,3552809,2,1,1,0
2020-03-26,SP,Tatuí,3554003,1,1,0,0
2020-03-26,SP,Taubaté,3554102,1,0,0,0
2020-03-26,SP,Valinhos,3556206,1,0,0,0
2020-03-26,SP,Vargem Grande Paulista,3556453,1,1,1,0
2020-03-26,TO,Palmas,1721000,8,1,0,0
2020-03-26,TOTAL,TOTAL,0,2891,396,75,16
